□ 본 서비스에서 제공하는 정보는 법적인 효력이 없으므로 참고용으로만 활용하시기 바랍니다.,,,,,,,,,,,,,,
"□ 신고정보가 실시간 변경, 해제되어 제공시점에 따라 공개건수 및 내용이 상이할 수 있는 점 참고하시기 바랍니다.",,,,,,,,,,,,,,
"□ 본 자료는 계약일 기준입니다. (※ 7월 계약, 8월 신고건 → 7월 거래건으로  제공)",,,,,,,,,,,,,,
"□ 통계자료 활용시에는 수치가 왜곡될 수 있으니 참고자료로만 활용하시기  바라며,  외부 공개시에는 반드시 신고일 기준으로 집계되는 공식통계를 이용하여 주시기 바랍니다.",,,,,,,,,,,,,,
,,,,,,,,,,,,,,
* 국토교통부 실거래가 공개시스템의 궁금하신 점이나 문의사항은 주택거래신고 1588-0149/주택임대차신고 1533-2949로 연락 주시기 바랍니다.,,,,,,,,,,,,,,
□ 검색조건,,,,,,,,,,,,,,
계약일자 : 20210601 ~ 20220601,,,,,,,,,,,,,,
실거래구분 : 아파트(매매),,,,,,,,,,,,,,
주소구분 : 지번주소,,,,,,,,,,,,,,
시도 : 서울특별시,,,,,,,,,,,,,,
시군구 : 성동구,,,,,,,,,,,,,,
읍면동 : 전체,,,,,,,,,,,,,,
면적 : 전체,,,,,,,,,,,,,,
금액선택 : 전체,,,,,,,,,,,,,,
시군구,번지,본번,부번,단지명,전용면적(㎡),계약년월,계약일,거래금액(만원),층,건축년도,도로명,해제사유발생일,거래유형,중개사소재지
서울특별시 성동구 금호동1가,1500,1500,0,금호삼성래미안,59.95,202106,16,117000,12,2001,독서당로 343,,-,-
서울특별시 성동구 금호동1가,1500,1500,0,금호삼성래미안,84.45,202106,26,134000,7,2001,독서당로 343,,-,-
서울특별시 성동구 금호동1가,1500,1500,0,금호삼성래미안,59.95,202107,2,115000,14,2001,독서당로 343,,-,-
서울특별시 성동구 금호동1가,1500,1500,0,금호삼성래미안,114.67,202107,12,148000,10,2001,독서당로 343,,-,-
서울특별시 성동구 금호동1가,1500,1500,0,금호삼성래미안,59.95,202107,12,118000,7,2001,독서당로 343,,-,-
서울특별시 성동구 금호동1가,1500,1500,0,금호삼성래미안,59.95,202108,13,123000,10,2001,독서당로 343,,-,-
서울특별시 성동구 금호동1가,1500,1500,0,금호삼성래미안,114.67,202108,14,148000,3,2001,독서당로 343,,-,-
서울특별시 성동구 금호동1가,1500,1500,0,금호삼성래미안,84.45,202110,22,136000,12,2001,독서당로 343,,-,-
서울특별시 성동구 금호동1가,1500,1500,0,금호삼성래미안,59.95,202112,1,120000,8,2001,독서당로 343,,중개거래,서울 성동구
서울특별시 성동구 금호동1가,1500,1500,0,금호삼성래미안,59.95,202205,21,120000,11,2001,독서당로 343,,중개거래,서울 성동구
서울특별시 성동구 금호동1가,1500,1500,0,금호삼성래미안,114.67,202205,28,169000,14,2001,독서당로 343,,중개거래,서울 성동구
서울특별시 성동구 금호동1가,633,633,0,벽산,59.9,202106,15,106000,6,2001,금호로 100,,-,-
서울특별시 성동구 금호동1가,633,633,0,벽산,59.9,202106,19,112000,8,2001,금호로 100,,-,-
서울특별시 성동구 금호동1가,633,633,0,벽산,59.9,202106,26,118000,18,2001,금호로 100,,-,-
서울특별시 성동구 금호동1가,633,633,0,벽산,114.57,202107,21,149000,7,2001,금호로 100,,-,-
서울특별시 성동구 금호동1가,633,633,0,벽산,84.82,202107,31,134000,20,2001,금호로 100,,-,-
서울특별시 성동구 금호동1가,633,633,0,벽산,114.57,202108,14,150000,11,2001,금호로 100,,-,-
서울특별시 성동구 금호동1가,633,633,0,벽산,114.57,202108,25,165000,14,2001,금호로 100,,-,-
서울특별시 성동구 금호동1가,633,633,0,벽산,84.82,202108,28,139000,12,2001,금호로 100,,-,-
서울특별시 성동구 금호동1가,633,633,0,벽산,84.82,202108,28,139000,4,2001,금호로 100,,-,-
서울특별시 성동구 금호동1가,633,633,0,벽산,114.57,202108,29,149500,15,2001,금호로 100,,-,-
서울특별시 성동구 금호동1가,633,633,0,벽산,114.57,202108,30,144500,1,2001,금호로 100,,-,-
서울특별시 성동구 금호동1가,633,633,0,벽산,59.9,202109,6,114500,12,2001,금호로 100,,-,-
서울특별시 성동구 금호동1가,633,633,0,벽산,84.82,202109,10,140000,4,2001,금호로 100,,-,-
서울특별시 성동구 금호동1가,633,633,0,벽산,59.9,202109,13,118500,8,2001,금호로 100,,-,-
서울특별시 성동구 금호동1가,633,633,0,벽산,114.57,202109,14,160000,7,2001,금호로 100,,-,-
서울특별시 성동구 금호동1가,633,633,0,벽산,84.82,202110,16,146000,3,2001,금호로 100,,-,-
서울특별시 성동구 금호동1가,633,633,0,벽산,84.82,202110,23,140000,1,2001,금호로 100,,-,-
서울특별시 성동구 금호동1가,633,633,0,벽산,84.82,202201,15,160000,14,2001,금호로 100,,중개거래,서울 성동구
서울특별시 성동구 금호동1가,633,633,0,벽산,59.9,202203,3,110000,15,2001,금호로 100,,중개거래,서울 성동구
서울특별시 성동구 금호동1가,633,633,0,벽산,59.9,202204,23,103500,2,2001,금호로 100,,중개거래,서울 성동구
서울특별시 성동구 금호동1가,633,633,0,벽산,59.9,202205,2,102000,2,2001,금호로 100,,중개거래,서울 성동구
서울특별시 성동구 금호동1가,1818,1818,0,신금호두산위브,116.79,202108,12,138000,2,2006,행당로 31,,-,-
서울특별시 성동구 금호동1가,1818,1818,0,신금호두산위브,84.32,202112,1,123000,4,2006,행당로 27,,중개거래,서울 성동구
서울특별시 성동구 금호동1가,280,280,0,이편한세상금호파크힐스,59.949,202106,4,149000,12,2019,금호로 140,,-,-
서울특별시 성동구 금호동1가,280,280,0,이편한세상금호파크힐스,84.957,202106,5,174000,11,2019,금호로 140,,-,-
서울특별시 성동구 금호동1가,280,280,0,이편한세상금호파크힐스,59.949,202106,24,147000,11,2019,금호로 140,,-,-
서울특별시 성동구 금호동1가,280,280,0,이편한세상금호파크힐스,59.983,202106,26,146500,7,2019,금호로 140,,-,-
서울특별시 성동구 금호동1가,280,280,0,이편한세상금호파크힐스,59.949,202107,16,150000,5,2019,금호로 140,,-,-
서울특별시 성동구 금호동1가,280,280,0,이편한세상금호파크힐스,59.983,202107,23,150000,9,2019,금호로 140,,-,-
서울특별시 성동구 금호동1가,280,280,0,이편한세상금호파크힐스,59.949,202107,24,142500,7,2019,금호로 140,,-,-
서울특별시 성동구 금호동1가,280,280,0,이편한세상금호파크힐스,84.957,202107,24,180000,13,2019,금호로 140,,-,-
서울특별시 성동구 금호동1가,280,280,0,이편한세상금호파크힐스,59.949,202107,29,152900,13,2019,금호로 140,,-,-
서울특별시 성동구 금호동1가,280,280,0,이편한세상금호파크힐스,59.949,202108,2,153000,13,2019,금호로 140,,-,-
서울특별시 성동구 금호동1가,280,280,0,이편한세상금호파크힐스,59.983,202108,6,150000,11,2019,금호로 140,,-,-
서울특별시 성동구 금호동1가,280,280,0,이편한세상금호파크힐스,84.982,202108,7,180000,10,2019,금호로 140,,-,-
서울특별시 성동구 금호동1가,280,280,0,이편한세상금호파크힐스,59.983,202108,14,139000,1,2019,금호로 140,,-,-
서울특별시 성동구 금호동1가,280,280,0,이편한세상금호파크힐스,59.983,202108,26,156000,12,2019,금호로 140,,-,-
서울특별시 성동구 금호동1가,280,280,0,이편한세상금호파크힐스,59.949,202108,27,149000,8,2019,금호로 140,,-,-
서울특별시 성동구 금호동1가,280,280,0,이편한세상금호파크힐스,84.932,202109,3,180000,10,2019,금호로 140,,-,-
서울특별시 성동구 금호동1가,280,280,0,이편한세상금호파크힐스,59.949,202109,28,151000,9,2019,금호로 140,,-,-
서울특별시 성동구 금호동1가,280,280,0,이편한세상금호파크힐스,116.134,202110,5,205500,9,2019,금호로 140,,-,-
서울특별시 성동구 금호동1가,280,280,0,이편한세상금호파크힐스,59.949,202111,1,158000,12,2019,금호로 140,,중개거래,서울 성동구
서울특별시 성동구 금호동1가,280,280,0,이편한세상금호파크힐스,84.932,202201,4,175000,6,2019,금호로 140,,중개거래,서울 성동구
서울특별시 성동구 금호동1가,280,280,0,이편한세상금호파크힐스,124.625,202201,22,203000,5,2019,금호로 140,,중개거래,"경기 이천시, 서울 성동구"
서울특별시 성동구 금호동1가,280,280,0,이편한세상금호파크힐스,59.949,202201,23,150000,8,2019,금호로 140,,중개거래,서울 성동구
서울특별시 성동구 금호동1가,280,280,0,이편한세상금호파크힐스,84.982,202204,7,173000,10,2019,금호로 140,,중개거래,"서울 마포구, 서울 성동구"
서울특별시 성동구 금호동1가,280,280,0,이편한세상금호파크힐스,84.932,202205,20,172000,4,2019,금호로 140,,중개거래,서울 성동구
서울특별시 성동구 금호동1가,280,280,0,이편한세상금호파크힐스,84.932,202205,22,170000,5,2019,금호로 140,,중개거래,서울 성동구
서울특별시 성동구 금호동1가,280,280,0,이편한세상금호파크힐스,116.134,202205,27,195000,5,2019,금호로 140,20220530,중개거래,서울 성동구
서울특별시 성동구 금호동2가,1215,1215,0,금호자이1차,84.98,202106,8,150000,13,2012,금호로 117,,-,-
서울특별시 성동구 금호동2가,1215,1215,0,금호자이1차,59.99,202107,17,132000,3,2012,금호로 117,,-,-
서울특별시 성동구 금호동2가,1215,1215,0,금호자이1차,84.97,202107,24,153000,8,2012,금호로 117,,-,-
서울특별시 성동구 금호동2가,1215,1215,0,금호자이1차,59.99,202108,7,131800,9,2012,금호로 117,,-,-
서울특별시 성동구 금호동2가,1215,1215,0,금호자이1차,117.18,202109,12,179000,5,2012,금호로 117,,-,-
서울특별시 성동구 금호동2가,1215,1215,0,금호자이1차,84.97,202109,26,163000,6,2012,금호로 117,,-,-
서울특별시 성동구 금호동2가,1215,1215,0,금호자이1차,59.99,202203,12,127000,4,2012,금호로 117,,중개거래,"서울 강동구, 서울 성동구"
서울특별시 성동구 금호동2가,1215,1215,0,금호자이1차,117.18,202206,1,175000,10,2012,금호로 117,,중개거래,"서울 성동구, 서울 송파구"
서울특별시 성동구 금호동2가,1331,1331,0,두산,84.99,202109,3,132500,11,1994,동호로 100,,-,-
서울특별시 성동구 금호동2가,1331,1331,0,두산,59.97,202110,25,120000,13,1994,동호로 100,,-,-
서울특별시 성동구 금호동2가,1217,1217,0,래미안하이리버,59.99,202106,15,131500,16,2012,금호로 107,,-,-
서울특별시 성동구 금호동2가,1217,1217,0,래미안하이리버,59.98,202106,28,133000,7,2012,금호로 107,,-,-
서울특별시 성동구 금호동2가,1217,1217,0,래미안하이리버,59.99,202106,29,134800,6,2012,금호로 107,,-,-
서울특별시 성동구 금호동2가,1217,1217,0,래미안하이리버,59.99,202107,17,140000,15,2012,금호로 107,,-,-
서울특별시 성동구 금호동2가,1217,1217,0,래미안하이리버,84.98,202107,20,154500,5,2012,금호로 107,,-,-
서울특별시 성동구 금호동2가,1217,1217,0,래미안하이리버,114.32,202107,20,172000,1,2012,금호로 107,,-,-
서울특별시 성동구 금호동2가,1217,1217,0,래미안하이리버,84.98,202108,7,160000,15,2012,금호로 107,,-,-
서울특별시 성동구 금호동2가,1217,1217,0,래미안하이리버,59.98,202108,28,139500,9,2012,금호로 107,,-,-
서울특별시 성동구 금호동2가,1217,1217,0,래미안하이리버,84.99,202109,18,159500,8,2012,금호로 107,,-,-
서울특별시 성동구 금호동2가,1217,1217,0,래미안하이리버,59.99,202109,29,152000,17,2012,금호로 107,,-,-
서울특별시 성동구 금호동2가,1217,1217,0,래미안하이리버,84.98,202110,2,160000,5,2012,금호로 107,,-,-
서울특별시 성동구 금호동2가,1217,1217,0,래미안하이리버,114.32,202110,25,187500,10,2012,금호로 107,,-,-
서울특별시 성동구 금호동2가,1217,1217,0,래미안하이리버,84.99,202110,26,165000,12,2012,금호로 107,,-,-
서울특별시 성동구 금호동2가,1217,1217,0,래미안하이리버,114.32,202204,20,168500,8,2012,금호로 107,,중개거래,서울 성동구
서울특별시 성동구 금호동2가,1217,1217,0,래미안하이리버,114.32,202205,3,185000,14,2012,금호로 107,,중개거래,"서울 성동구, 서울 중랑구"
서울특별시 성동구 금호동2가,1,1,0,신금호파크자이,59.98,202106,12,145000,17,2016,금호로 173,,-,-
서울특별시 성동구 금호동2가,1,1,0,신금호파크자이,59.98,202107,15,145000,7,2016,금호로 173,,-,-
서울특별시 성동구 금호동2가,1,1,0,신금호파크자이,84.98,202107,23,173500,8,2016,금호로 173,,-,-
서울특별시 성동구 금호동2가,1,1,0,신금호파크자이,59.98,202107,24,145000,18,2016,금호로 173,,-,-
서울특별시 성동구 금호동2가,1,1,0,신금호파크자이,84.98,202107,24,174700,12,2016,금호로 173,,-,-
서울특별시 성동구 금호동2가,1,1,0,신금호파크자이,59.98,202107,31,140000,8,2016,금호로 173,,-,-
서울특별시 성동구 금호동2가,1,1,0,신금호파크자이,114.98,202108,2,185000,1,2016,금호로 173,,-,-
서울특별시 성동구 금호동2가,1,1,0,신금호파크자이,84.98,202108,6,170000,19,2016,금호로 173,,-,-
서울특별시 성동구 금호동2가,1,1,0,신금호파크자이,59.98,202108,7,142500,11,2016,금호로 173,,-,-
서울특별시 성동구 금호동2가,1,1,0,신금호파크자이,59.98,202109,2,139300,1,2016,금호로 173,,-,-
서울특별시 성동구 금호동2가,1,1,0,신금호파크자이,59.98,202109,11,146500,5,2016,금호로 173,,-,-
서울특별시 성동구 금호동2가,1,1,0,신금호파크자이,59.98,202109,13,154500,16,2016,금호로 173,,-,-
서울특별시 성동구 금호동2가,1,1,0,신금호파크자이,84.98,202109,15,160000,1,2016,금호로 173,,-,-
서울특별시 성동구 금호동2가,1,1,0,신금호파크자이,84.98,202110,4,165000,1,2016,금호로 173,,-,-
서울특별시 성동구 금호동2가,1,1,0,신금호파크자이,84.98,202110,27,177500,4,2016,금호로 173,,-,-
서울특별시 성동구 금호동2가,1,1,0,신금호파크자이,59.98,202201,15,141500,8,2016,금호로 173,,중개거래,서울 성동구
서울특별시 성동구 금호동2가,1,1,0,신금호파크자이,59.98,202201,17,158500,16,2016,금호로 173,,중개거래,서울 성동구
서울특별시 성동구 금호동2가,1,1,0,신금호파크자이,59.98,202203,16,145000,10,2016,금호로 173,,중개거래,"서울 서초구, 서울 성동구"
서울특별시 성동구 금호동2가,1,1,0,신금호파크자이,84.98,202203,29,169000,6,2016,금호로 173,,중개거래,서울 성동구
서울특별시 성동구 금호동2가,1,1,0,신금호파크자이,59.98,202204,23,137000,7,2016,금호로 173,,중개거래,서울 성동구
서울특별시 성동구 금호동2가,1,1,0,신금호파크자이,59.98,202205,17,150000,14,2016,금호로 173,,중개거래,서울 성동구
서울특별시 성동구 금호동3가,917,917,0,금호1차푸르지오,59.97,202107,16,117000,9,2005,금호산길 8,,-,-
서울특별시 성동구 금호동3가,917,917,0,금호1차푸르지오,114.76,202108,3,139500,9,2005,금호산8길 5,,-,-
서울특별시 성동구 금호동3가,917,917,0,금호1차푸르지오,114.76,202108,26,148500,14,2005,금호산8길 5,,-,-
서울특별시 성동구 금호동3가,917,917,0,금호1차푸르지오,59.97,202110,20,122500,3,2005,금호산길 8,,-,-
서울특별시 성동구 금호동3가,917,917,0,금호1차푸르지오,59.97,202110,27,121000,11,2005,금호산길 8,,-,-
서울특별시 성동구 금호동3가,917,917,0,금호1차푸르지오,84.92,202111,2,130000,10,2005,금호산길 8,,중개거래,서울 성동구
서울특별시 성동구 금호동3가,917,917,0,금호1차푸르지오,84.92,202111,12,132500,2,2005,금호산길 8,,중개거래,"서울 강동구, 서울 성동구"
서울특별시 성동구 금호동3가,917,917,0,금호1차푸르지오,59.97,202112,27,100000,4,2005,금호산길 8,20211230,직거래,-
서울특별시 성동구 금호동3가,917,917,0,금호1차푸르지오,59.97,202205,11,119800,7,2005,금호산길 8,,중개거래,서울 성동구
서울특별시 성동구 금호동3가,917,917,0,금호1차푸르지오,59.97,202205,14,110000,11,2005,금호산길 8,,중개거래,서울 성동구
서울특별시 성동구 금호동3가,917,917,0,금호1차푸르지오,59.97,202205,20,93700,4,2005,금호산길 8,,직거래,-
서울특별시 성동구 금호동3가,700,700,0,금호자이2차,59.9912,202107,17,126000,10,2012,금호산8길 14,,-,-
서울특별시 성동구 금호동3가,700,700,0,금호자이2차,115.4928,202108,3,159000,6,2012,금호산8길 14,,-,-
서울특별시 성동구 금호동3가,700,700,0,금호자이2차,59.9167,202108,14,129000,13,2012,금호산8길 14,,-,-
서울특별시 성동구 금호동3가,700,700,0,금호자이2차,84.7313,202108,14,156000,19,2012,금호산8길 14,,-,-
서울특별시 성동구 금호동3가,700,700,0,금호자이2차,59.9663,202108,19,126500,4,2012,금호산8길 14,,-,-
서울특별시 성동구 금호동3가,700,700,0,금호자이2차,84.7313,202108,20,144000,8,2012,금호산8길 14,,-,-
서울특별시 성동구 금호동3가,700,700,0,금호자이2차,84.7313,202109,6,145000,17,2012,금호산8길 14,,-,-
서울특별시 성동구 금호동3가,700,700,0,금호자이2차,84.7313,202110,30,129000,4,2012,금호산8길 14,,-,-
서울특별시 성동구 금호동3가,700,700,0,금호자이2차,84.9796,202202,8,162000,21,2012,금호산8길 14,,중개거래,서울 성동구
서울특별시 성동구 금호동3가,700,700,0,금호자이2차,59.9663,202205,5,127500,9,2012,금호산8길 14,,중개거래,"서울 성동구, 서울 성북구"
서울특별시 성동구 금호동3가,1662,1662,0,금호한신,130.92,202107,15,150000,13,2005,금호산길 27,,-,-
서울특별시 성동구 금호동3가,1662,1662,0,금호한신,84.96,202107,17,140000,12,2005,금호산길 27,,-,-
서울특별시 성동구 금호동3가,1662,1662,0,금호한신,84.96,202109,13,130000,5,2005,금호산길 27,,-,-
서울특별시 성동구 금호동3가,1662,1662,0,금호한신,59.99,202110,9,105500,9,2005,금호산길 27,,-,-
서울특별시 성동구 금호동3가,1662,1662,0,금호한신,59.99,202201,15,108900,6,2005,금호산길 27,,중개거래,서울 성동구
서울특별시 성동구 금호동3가,1331,1331,0,두산,84.99,202106,14,128000,14,1994,동호로 100,,-,-
서울특별시 성동구 금호동3가,1331,1331,0,두산,59.97,202106,23,110000,8,1994,동호로 100,,-,-
서울특별시 성동구 금호동3가,1331,1331,0,두산,59.97,202107,3,108500,12,1994,동호로 100,,-,-
서울특별시 성동구 금호동3가,1331,1331,0,두산,84.99,202108,24,140000,8,1994,동호로 100,,-,-
서울특별시 성동구 금호동3가,1331,1331,0,두산,79.08,202110,5,129000,14,1994,동호로 100,,-,-
서울특별시 성동구 금호동3가,1331,1331,0,두산,59.97,202110,21,99000,1,1994,동호로 100,,-,-
서울특별시 성동구 금호동3가,1331,1331,0,두산,59.97,202204,7,110000,11,1994,동호로 100,,중개거래,"서울 성동구, 서울 중구"
서울특별시 성동구 금호동3가,1331,1331,0,두산,59.97,202204,23,105000,2,1994,동호로 100,,중개거래,서울 성동구
서울특별시 성동구 금호동3가,1331,1331,0,두산,79.08,202205,12,133000,1,1994,동호로 100,,중개거래,서울 성동구
서울특별시 성동구 금호동4가,800,800,0,대우,59.97,202106,1,123500,20,2001,독서당로 272,,-,-
서울특별시 성동구 금호동4가,800,800,0,대우,84.71,202106,8,154000,10,2001,독서당로 272,,-,-
서울특별시 성동구 금호동4가,800,800,0,대우,84.96,202106,26,149000,5,2001,독서당로 272,,-,-
서울특별시 성동구 금호동4가,800,800,0,대우,84.71,202107,8,141000,22,2001,독서당로 272,,-,-
서울특별시 성동구 금호동4가,800,800,0,대우,84.71,202107,13,153500,17,2001,독서당로 272,,-,-
서울특별시 성동구 금호동4가,800,800,0,대우,114.6,202108,2,153000,1,2001,독서당로 272,,-,-
서울특별시 성동구 금호동4가,800,800,0,대우,59.97,202108,26,133500,10,2001,독서당로 272,,-,-
서울특별시 성동구 금호동4가,800,800,0,대우,59.97,202108,27,122800,9,2001,독서당로 272,,-,-
서울특별시 성동구 금호동4가,800,800,0,대우,59.97,202109,16,114000,1,2001,독서당로 272,,-,-
서울특별시 성동구 금호동4가,800,800,0,대우,114.6,202109,30,169000,7,2001,독서당로 272,,-,-
서울특별시 성동구 금호동4가,800,800,0,대우,114.71,202110,22,182000,12,2001,독서당로 272,,-,-
서울특별시 성동구 금호동4가,800,800,0,대우,84.71,202110,26,140000,8,2001,독서당로 272,,-,-
서울특별시 성동구 금호동4가,800,800,0,대우,59.97,202111,12,123300,7,2001,독서당로 272,,중개거래,"서울 서초구, 서울 성동구"
서울특별시 성동구 금호동4가,800,800,0,대우,59.97,202111,15,122500,9,2001,독서당로 272,,중개거래,서울 성동구
서울특별시 성동구 금호동4가,800,800,0,대우,84.71,202111,20,159000,13,2001,독서당로 272,,중개거래,서울 성동구
서울특별시 성동구 금호동4가,800,800,0,대우,84.71,202112,17,143000,5,2001,독서당로 272,,중개거래,서울 성동구
서울특별시 성동구 금호동4가,800,800,0,대우,114.71,202201,29,163750,1,2001,독서당로 272,,중개거래,서울 성동구
서울특별시 성동구 금호동4가,800,800,0,대우,59.97,202201,29,122000,20,2001,독서당로 272,,중개거래,서울 성동구
서울특별시 성동구 금호동4가,800,800,0,대우,114.71,202202,26,177000,11,2001,독서당로 272,,중개거래,서울 성동구
서울특별시 성동구 금호동4가,800,800,0,대우,59.97,202203,14,114000,1,2001,독서당로 272,,중개거래,서울 성동구
서울특별시 성동구 금호동4가,800,800,0,대우,59.97,202204,8,118700,17,2001,독서당로 272,,중개거래,서울 성동구
서울특별시 성동구 금호동4가,800,800,0,대우,59.97,202204,27,121000,19,2001,독서당로 272,,중개거래,서울 성동구
서울특별시 성동구 금호동4가,800,800,0,대우,84.71,202204,30,140000,11,2001,독서당로 272,,중개거래,서울 성동구
서울특별시 성동구 금호동4가,800,800,0,대우,59.97,202205,5,118000,20,2001,독서당로 272,,중개거래,"경기 구리시, 서울 성동구"
서울특별시 성동구 금호동4가,800,800,0,대우,84.96,202205,10,162000,9,2001,독서당로 272,,중개거래,서울 성동구
서울특별시 성동구 금호동4가,800,800,0,대우,114.6,202205,24,160550,17,2001,독서당로 272,,직거래,-
서울특별시 성동구 금호동4가,800,800,0,대우,114.71,202205,25,185000,24,2001,독서당로 272,,중개거래,서울 성동구
서울특별시 성동구 금호동4가,1250,1250,0,롯데,84.99,202111,13,139000,3,2003,동호로 84,,중개거래,서울 성동구
서울특별시 성동구 금호동4가,1250,1250,0,롯데,84.99,202112,3,139500,3,2003,동호로 84,,중개거래,서울 성동구
서울특별시 성동구 금호동4가,1550,1550,0,브라운스톤2차,84.98,202106,19,156000,5,2010,동호로 93,,-,-
서울특별시 성동구 금호동4가,1550,1550,0,브라운스톤2차,84.98,202108,28,142500,1,2010,동호로 93,,-,-
서울특별시 성동구 금호동4가,1550,1550,0,브라운스톤2차,84.98,202201,11,160000,14,2010,동호로 93,,중개거래,서울 성동구
서울특별시 성동구 금호동4가,1507,1507,0,브라운스톤금호,84.838,202106,3,159000,9,2007,매봉길 24,,-,-
서울특별시 성동구 금호동4가,1507,1507,0,브라운스톤금호,84.838,202205,10,150000,8,2007,매봉길 24,,중개거래,서울 성동구
서울특별시 성동구 금호동4가,180,180,0,삼산금호,49.49,202110,23,68000,4,1975,금호로3길 10,,-,-
서울특별시 성동구 금호동4가,340,340,0,서울숲푸르지오,59.9,202106,19,140000,3,2007,금호로 15,,-,-
서울특별시 성동구 금호동4가,340,340,0,서울숲푸르지오,59.9,202107,3,135000,4,2007,금호로 15,,-,-
서울특별시 성동구 금호동4가,340,340,0,서울숲푸르지오,59.99,202107,22,140000,18,2007,금호로 15,,-,-
서울특별시 성동구 금호동4가,340,340,0,서울숲푸르지오,59.9,202107,31,137000,3,2007,금호로 15,,-,-
서울특별시 성동구 금호동4가,340,340,0,서울숲푸르지오,84.6,202108,28,169000,7,2007,금호로 15,,-,-
서울특별시 성동구 금호동4가,340,340,0,서울숲푸르지오,59.99,202109,27,145000,5,2007,금호로 15,,-,-
서울특별시 성동구 금호동4가,340,340,0,서울숲푸르지오,84.55,202110,17,159000,12,2007,금호로 15,,-,-
서울특별시 성동구 금호동4가,340,340,0,서울숲푸르지오,84.87,202110,29,169700,6,2007,금호로 15,,-,-
서울특별시 성동구 금호동4가,340,340,0,서울숲푸르지오,59.99,202111,5,150000,7,2007,금호로 15,20220610,중개거래,"경기 평택시, 서울 성동구"
서울특별시 성동구 금호동4가,340,340,0,서울숲푸르지오,59.99,202111,5,150000,7,2007,금호로 15,,중개거래,"경기 평택시, 서울 성동구"
서울특별시 성동구 금호동4가,340,340,0,서울숲푸르지오,84.87,202112,11,162000,9,2007,금호로 15,,중개거래,서울 성동구
서울특별시 성동구 금호동4가,340,340,0,서울숲푸르지오,84.6,202112,22,171000,6,2007,금호로 15,,중개거래,서울 성동구
서울특별시 성동구 금호동4가,340,340,0,서울숲푸르지오,59.99,202203,12,152000,10,2007,금호로 15,,중개거래,서울 성동구
서울특별시 성동구 금호동4가,340,340,0,서울숲푸르지오,84.87,202204,23,190000,13,2007,금호로 15,,중개거래,서울 성동구
서울특별시 성동구 금호동4가,340,340,0,서울숲푸르지오,59.99,202204,26,159000,12,2007,금호로 15,,중개거래,서울 성동구
서울특별시 성동구 금호동4가,340,340,0,서울숲푸르지오,84.87,202205,7,172500,7,2007,금호로 15,,중개거래,서울 성동구
서울특별시 성동구 금호동4가,340,340,0,서울숲푸르지오,114.8,202205,9,210000,5,2007,금호로 15,,중개거래,서울 성동구
서울특별시 성동구 금호동4가,340,340,0,서울숲푸르지오,114.8,202205,9,210000,5,2007,금호로 15,20220525,중개거래,서울 성동구
서울특별시 성동구 금호동4가,235,235,0,서울숲푸르지오2차,59.862,202106,12,145000,7,2012,금호로 17,,-,-
서울특별시 성동구 금호동4가,235,235,0,서울숲푸르지오2차,84.898,202109,4,183000,14,2012,금호로 17,,-,-
서울특별시 성동구 금호동4가,235,235,0,서울숲푸르지오2차,59.862,202109,27,156000,9,2012,금호로 17,,-,-
서울특별시 성동구 금호동4가,235,235,0,서울숲푸르지오2차,59.907,202111,6,160000,9,2012,금호로 17,,중개거래,서울 성동구
서울특별시 성동구 금호동4가,1553,1553,0,힐스테이트서울숲리버,84.92,202106,1,185000,12,2018,독서당로 344,,-,-
서울특별시 성동구 금호동4가,1553,1553,0,힐스테이트서울숲리버,64.95,202107,27,155000,7,2018,독서당로 344,,-,-
서울특별시 성동구 금호동4가,1553,1553,0,힐스테이트서울숲리버,59.96,202108,7,149000,1,2018,독서당로 344,,-,-
서울특별시 성동구 금호동4가,1553,1553,0,힐스테이트서울숲리버,84.92,202110,14,193000,11,2018,독서당로 344,,-,-
서울특별시 성동구 금호동4가,1553,1553,0,힐스테이트서울숲리버,114.89,202201,22,255000,5,2018,독서당로 344,,중개거래,서울 성동구
서울특별시 성동구 금호동4가,1553,1553,0,힐스테이트서울숲리버,114.86,202201,22,280000,9,2018,독서당로 344,,중개거래,서울 성동구
서울특별시 성동구 금호동4가,1553,1553,0,힐스테이트서울숲리버,84.92,202201,28,202000,7,2018,독서당로 344,,중개거래,서울 성동구
서울특별시 성동구 도선동,69,69,0,삼성쉐르빌,84.74,202106,12,103500,16,2006,무학로6길 50,,-,-
서울특별시 성동구 도선동,69,69,0,삼성쉐르빌,84.93,202106,19,109500,21,2006,무학로6길 50,,-,-
서울특별시 성동구 도선동,69,69,0,삼성쉐르빌,84.93,202107,8,103000,5,2006,무학로6길 50,,-,-
서울특별시 성동구 도선동,69,69,0,삼성쉐르빌,84.93,202111,6,114000,17,2006,무학로6길 50,,중개거래,서울 성동구
서울특별시 성동구 도선동,69,69,0,삼성쉐르빌,84.91,202201,25,108500,26,2006,무학로6길 50,,중개거래,서울 중구
서울특별시 성동구 도선동,69,69,0,삼성쉐르빌,71.34,202204,5,100000,9,2006,무학로6길 50,,중개거래,서울 성동구
서울특별시 성동구 마장동,820,820,0,금호어울림,74.46,202107,24,124500,3,2006,마조로 57,,-,-
서울특별시 성동구 마장동,820,820,0,금호어울림,84.97,202108,24,137000,7,2006,마조로 57,,-,-
서울특별시 성동구 마장동,825,825,0,대성유니드,59.7,202106,5,92500,20,2004,마장로37길 7,,-,-
서울특별시 성동구 마장동,825,825,0,대성유니드,84.71,202106,30,114400,4,2004,마장로37길 7,,-,-
서울특별시 성동구 마장동,825,825,0,대성유니드,59.7,202107,11,101000,11,2004,마장로37길 7,,-,-
서울특별시 성동구 마장동,825,825,0,대성유니드,59.7,202108,5,98000,6,2004,마장로37길 7,,-,-
서울특별시 성동구 마장동,825,825,0,대성유니드,59.7,202108,7,98500,2,2004,마장로37길 7,,-,-
서울특별시 성동구 마장동,825,825,0,대성유니드,84.71,202108,7,126500,10,2004,마장로37길 7,,-,-
서울특별시 성동구 마장동,825,825,0,대성유니드,59.7,202109,12,106000,17,2004,마장로37길 7,,-,-
서울특별시 성동구 마장동,819,819,0,마장동중앙하이츠,84.8,202107,11,107000,6,1999,마장로 262,,-,-
서울특별시 성동구 마장동,819,819,0,마장동중앙하이츠,84.8,202107,31,109500,14,1999,마장로 262,,-,-
서울특별시 성동구 마장동,819,819,0,마장동중앙하이츠,60,202108,28,89800,9,1999,마장로 262,,-,-
서울특별시 성동구 마장동,819,819,0,마장동중앙하이츠,84.8,202110,23,110000,2,1999,마장로 262,20220217,-,-
서울특별시 성동구 마장동,819,819,0,마장동중앙하이츠,84.8,202201,28,110000,2,1999,마장로 262,,중개거래,서울 성동구
서울특별시 성동구 마장동,819,819,0,마장동중앙하이츠,84.8,202205,13,116000,22,1999,마장로 262,,중개거래,"서울 성동구, 서울 송파구"
서울특별시 성동구 마장동,817,817,0,삼성,59.76,202106,26,92500,1,1996,마장로 271,,-,-
서울특별시 성동구 마장동,817,817,0,삼성,59.76,202106,30,89900,14,1996,마장로 271,,-,-
서울특별시 성동구 마장동,817,817,0,삼성,84.93,202107,10,120000,6,1996,마장로 271,,-,-
서울특별시 성동구 마장동,817,817,0,삼성,134.97,202107,28,133000,1,1996,마장로 271,,-,-
서울특별시 성동구 마장동,817,817,0,삼성,59.76,202108,11,98000,12,1996,마장로 271,,-,-
서울특별시 성동구 마장동,817,817,0,삼성,84.93,202108,25,130000,23,1996,마장로 271,,-,-
서울특별시 성동구 마장동,817,817,0,삼성,84.93,202110,9,128000,13,1996,마장로 271,,-,-
서울특별시 성동구 마장동,817,817,0,삼성,59.76,202110,16,105000,12,1996,마장로 271,,-,-
서울특별시 성동구 마장동,834,834,0,삼성홈타운,18.06,202107,10,21000,7,2015,마조로15길 23,,-,-
서울특별시 성동구 마장동,834,834,0,삼성홈타운,18.06,202107,11,17500,2,2015,마조로15길 23,,-,-
서울특별시 성동구 마장동,834,834,0,삼성홈타운,18.06,202108,31,19000,2,2015,마조로15길 23,,-,-
서울특별시 성동구 마장동,834,834,0,삼성홈타운,18.06,202112,20,17500,2,2015,마조로15길 23,,중개거래,서울 성동구
서울특별시 성동구 마장동,834,834,0,삼성홈타운,18.06,202201,2,20000,2,2015,마조로15길 23,,중개거래,서울 성동구
서울특별시 성동구 마장동,784,784,0,세림,40.86,202106,6,84000,13,1986,마장로42길 16,,-,-
서울특별시 성동구 마장동,784,784,0,세림,72.84,202106,28,90600,1,1986,마장로42길 16,,-,-
서울특별시 성동구 마장동,784,784,0,세림,40.86,202106,29,84500,8,1986,마장로42길 16,,-,-
서울특별시 성동구 마장동,784,784,0,세림,72.84,202106,30,105000,3,1986,마장로42길 16,,-,-
서울특별시 성동구 마장동,784,784,0,세림,40.86,202106,30,56500,10,1986,마장로42길 16,,-,-
서울특별시 성동구 마장동,784,784,0,세림,40.86,202107,8,88500,6,1986,마장로42길 16,,-,-
서울특별시 성동구 마장동,784,784,0,세림,72.84,202107,17,109000,7,1986,마장로42길 16,,-,-
서울특별시 성동구 마장동,784,784,0,세림,72.84,202107,17,69000,9,1986,마장로42길 16,,-,-
서울특별시 성동구 마장동,784,784,0,세림,84.93,202108,26,126000,12,1986,마장로42길 16,,-,-
서울특별시 성동구 마장동,784,784,0,세림,40.86,202109,5,85000,13,1986,마장로42길 16,,-,-
서울특별시 성동구 마장동,784,784,0,세림,84.93,202109,6,130000,3,1986,마장로42길 16,,-,-
서울특별시 성동구 마장동,784,784,0,세림,84.93,202109,7,123000,13,1986,마장로42길 16,,-,-
서울특별시 성동구 마장동,784,784,0,세림,40.86,202109,10,85000,10,1986,마장로42길 16,,-,-
서울특별시 성동구 마장동,784,784,0,세림,40.86,202201,22,88000,12,1986,마장로42길 16,,중개거래,서울 성동구
서울특별시 성동구 마장동,784,784,0,세림,40.86,202202,21,87000,3,1986,마장로42길 16,,중개거래,서울 성동구
서울특별시 성동구 마장동,784,784,0,세림,72.84,202202,22,108000,8,1986,마장로42길 16,,중개거래,서울 서대문구
서울특별시 성동구 마장동,784,784,0,세림,72.84,202202,26,109000,2,1986,마장로42길 16,20220504,중개거래,서울 성동구
서울특별시 성동구 마장동,784,784,0,세림,72.84,202202,26,109000,2,1986,마장로42길 16,,중개거래,서울 성동구
서울특별시 성동구 마장동,784,784,0,세림,84.93,202203,31,88000,9,1986,마장로42길 16,,직거래,-
서울특별시 성동구 마장동,830,830,0,신명스카이뷰,84.038,202107,13,105500,11,2005,마장로 258,,-,-
서울특별시 성동구 마장동,822,822,0,신성미소지움,84.99,202107,18,125500,11,2004,마장로39길 43,,-,-
서울특별시 성동구 마장동,835,835,0,우성에비뉴,70.88,202204,2,77800,10,2017,고산자로26길 11,,중개거래,서울 동대문구
서울특별시 성동구 마장동,512-2,512,2,한건토파즈빌,84.96,202107,5,45000,7,2007,마장로31길 28-21,,-,-
서울특별시 성동구 마장동,768-17,768,17,행복드림,84.56,202203,22,77400,5,2005,마장로39가길 61,,중개거래,서울 성동구
서울특별시 성동구 마장동,818,818,0,현대,59.94,202106,19,95000,18,1998,살곶이길 50,,-,-
서울특별시 성동구 마장동,818,818,0,현대,84.91,202106,19,125000,11,1998,살곶이길 50,,-,-
서울특별시 성동구 마장동,818,818,0,현대,59.91,202106,21,95500,16,1998,살곶이길 50,,-,-
서울특별시 성동구 마장동,818,818,0,현대,59.91,202106,28,96000,27,1998,살곶이길 50,,-,-
서울특별시 성동구 마장동,818,818,0,현대,84.91,202107,5,120000,25,1998,살곶이길 50,,-,-
서울특별시 성동구 마장동,818,818,0,현대,84.91,202107,16,129500,5,1998,살곶이길 50,,-,-
서울특별시 성동구 마장동,818,818,0,현대,84.91,202107,16,120000,18,1998,살곶이길 50,,-,-
서울특별시 성동구 마장동,818,818,0,현대,134.79,202107,16,159900,11,1998,살곶이길 50,,-,-
서울특별시 성동구 마장동,818,818,0,현대,84.91,202107,21,120000,25,1998,살곶이길 50,20210818,-,-
서울특별시 성동구 마장동,818,818,0,현대,59.91,202107,31,98000,23,1998,살곶이길 50,,-,-
서울특별시 성동구 마장동,818,818,0,현대,59.94,202110,15,98000,17,1998,살곶이길 50,,-,-
서울특별시 성동구 마장동,818,818,0,현대,84.91,202111,27,125000,26,1998,살곶이길 50,,중개거래,서울 성동구
서울특별시 성동구 마장동,818,818,0,현대,134.79,202111,29,147000,1,1998,살곶이길 50,,중개거래,서울 성동구
서울특별시 성동구 마장동,818,818,0,현대,84.91,202112,9,125000,25,1998,살곶이길 50,,중개거래,서울 성동구
서울특별시 성동구 마장동,818,818,0,현대,59.91,202202,9,89500,23,1998,살곶이길 50,,중개거래,서울 성동구
서울특별시 성동구 마장동,818,818,0,현대,59.91,202205,3,92000,5,1998,살곶이길 50,,중개거래,서울 성동구
서울특별시 성동구 마장동,818,818,0,현대,84.91,202205,10,106500,11,1998,살곶이길 50,,중개거래,서울 성동구
서울특별시 성동구 마장동,818,818,0,현대,59.91,202205,10,91000,15,1998,살곶이길 50,,중개거래,서울 성동구
서울특별시 성동구 사근동,198-1,198,1,드림시드,84.97,202205,12,43000,6,2001,사근동10길 7,,중개거래,서울 성동구
서울특별시 성동구 사근동,314,314,0,벽산,84.88,202107,13,89000,19,2000,살곶이길 176,,-,-
서울특별시 성동구 사근동,315,315,0,한양마이라움,17.99,202111,19,17500,2,2018,살곶이길 146,,중개거래,경기 부천시
서울특별시 성동구 사근동,315,315,0,한양마이라움,18.36,202203,1,17500,5,2018,살곶이길 146,20220401,중개거래,서울 성동구
서울특별시 성동구 사근동,315,315,0,한양마이라움,17.99,202204,1,19600,4,2018,살곶이길 146,,직거래,-
서울특별시 성동구 상왕십리동,12-47,12,47,센트럴큐브,19.42,202109,8,28000,20,2019,난계로24길 19,,-,-
서울특별시 성동구 상왕십리동,12-47,12,47,센트럴큐브,19.42,202110,18,26000,15,2019,난계로24길 19,,-,-
서울특별시 성동구 상왕십리동,12-47,12,47,센트럴큐브,19.42,202205,6,24800,13,2019,난계로24길 19,,중개거래,서울 성동구
서울특별시 성동구 상왕십리동,811,811,0,텐즈힐(2구역),127.44,202107,2,199000,15,2014,마장로 137,,-,-
서울특별시 성동구 상왕십리동,811,811,0,텐즈힐(2구역),84.92,202107,14,163000,12,2014,마장로 137,,-,-
서울특별시 성동구 상왕십리동,811,811,0,텐즈힐(2구역),84.92,202107,19,160000,9,2014,마장로 137,,-,-
서울특별시 성동구 상왕십리동,811,811,0,텐즈힐(2구역),84.92,202107,30,175000,12,2014,마장로 137,,-,-
서울특별시 성동구 상왕십리동,811,811,0,텐즈힐(2구역),55.2,202109,4,120000,4,2014,마장로 137,,-,-
서울특별시 성동구 상왕십리동,811,811,0,텐즈힐(2구역),59.96,202109,9,140000,11,2014,마장로 137,,-,-
서울특별시 성동구 상왕십리동,811,811,0,텐즈힐(2구역),59.98,202112,20,134000,1,2014,마장로 137,,중개거래,서울 성동구
서울특별시 성동구 상왕십리동,811,811,0,텐즈힐(2구역),84.92,202202,8,169000,7,2014,마장로 137,,중개거래,서울 성동구
서울특별시 성동구 상왕십리동,811,811,0,텐즈힐(2구역),59.98,202203,12,139500,7,2014,마장로 137,,중개거래,서울 동대문구
서울특별시 성동구 상왕십리동,811,811,0,텐즈힐(2구역),125.6,202204,27,215000,6,2014,마장로 137,,중개거래,서울 성동구
서울특별시 성동구 성수동1가,710,710,0,LIG건영,84.941,202106,9,190000,4,2002,왕십리로 36,,-,-
서울특별시 성동구 성수동1가,710,710,0,LIG건영,73.912,202106,22,178000,7,2002,왕십리로 36,,-,-
서울특별시 성동구 성수동1가,710,710,0,LIG건영,73.912,202107,9,182000,21,2002,왕십리로 36,,-,-
서울특별시 성동구 성수동1가,710,710,0,LIG건영,84.952,202107,24,187900,8,2002,왕십리로 36,,-,-
서울특별시 성동구 성수동1가,710,710,0,LIG건영,84.952,202107,24,187300,5,2002,왕십리로 36,,-,-
서울특별시 성동구 성수동1가,710,710,0,LIG건영,84.952,202107,25,190000,11,2002,왕십리로 36,,-,-
서울특별시 성동구 성수동1가,710,710,0,LIG건영,84.952,202108,5,180000,4,2002,왕십리로 36,,-,-
서울특별시 성동구 성수동1가,710,710,0,LIG건영,84.941,202108,30,205000,15,2002,왕십리로 36,,-,-
서울특별시 성동구 성수동1가,710,710,0,LIG건영,84.952,202109,2,194000,5,2002,왕십리로 36,,-,-
서울특별시 성동구 성수동1가,710,710,0,LIG건영,84.941,202109,15,205000,13,2002,왕십리로 36,,-,-
서울특별시 성동구 성수동1가,710,710,0,LIG건영,73.912,202110,2,199500,14,2002,왕십리로 36,,-,-
서울특별시 성동구 성수동1가,710,710,0,LIG건영,84.941,202111,24,179500,1,2002,왕십리로 36,,중개거래,서울 성동구
서울특별시 성동구 성수동1가,710,710,0,LIG건영,84.941,202203,30,169000,1,2002,왕십리로 36,,중개거래,서울 성동구
서울특별시 성동구 성수동1가,710,710,0,LIG건영,84.952,202205,16,218000,24,2002,왕십리로 36,20220624,중개거래,서울 성동구
서울특별시 성동구 성수동1가,710,710,0,LIG건영,84.952,202205,16,218000,24,2002,왕십리로 36,,중개거래,서울 성동구
서울특별시 성동구 성수동1가,479-1,479,1,강변동양,84.95,202204,15,250000,16,2001,둘레길 21,,중개거래,서울 성동구
서울특별시 성동구 성수동1가,685-696,685,696,갤러리아포레,241.63,202106,23,650000,8,2011,서울숲2길 32-14,,-,-
서울특별시 성동구 성수동1가,685-696,685,696,갤러리아포레,241.63,202106,23,650000,8,2011,서울숲2길 32-14,20210715,-,-
서울특별시 성동구 성수동1가,685-696,685,696,갤러리아포레,168.37,202107,9,500000,43,2011,서울숲2길 32-14,,-,-
서울특별시 성동구 성수동1가,685-696,685,696,갤러리아포레,241.93,202109,29,845000,26,2011,서울숲2길 32-14,,-,-
서울특별시 성동구 성수동1가,685-696,685,696,갤러리아포레,195.2,202111,8,550000,15,2011,서울숲2길 32-14,20220106,중개거래,"서울 강남구, 서울 성동구"
서울특별시 성동구 성수동1가,685-696,685,696,갤러리아포레,195.2,202111,8,550000,15,2011,서울숲2길 32-14,,중개거래,"서울 강남구, 서울 성동구"
서울특별시 성동구 성수동1가,685-696,685,696,갤러리아포레,241.93,202204,28,785000,24,2011,서울숲2길 32-14,,중개거래,서울 성동구
서울특별시 성동구 성수동1가,714,714,0,금호,59.92,202108,14,129000,7,2003,뚝섬로5길 17,,-,-
서울특별시 성동구 성수동1가,709,709,0,대우2,84.97,202107,19,142000,8,1999,상원6길 16,,-,-
서울특별시 성동구 성수동1가,709,709,0,대우2,84.97,202108,13,140000,9,1999,상원6길 16,,-,-
서울특별시 성동구 성수동1가,656-320,656,320,동아,97.02,202106,27,172500,6,1983,왕십리로 80,,-,-
서울특별시 성동구 성수동1가,656-320,656,320,동아,95.85,202109,24,189000,8,1983,왕십리로 80,,-,-
서울특별시 성동구 성수동1가,656-320,656,320,동아,95.85,202109,29,194000,10,1983,왕십리로 80,,-,-
서울특별시 성동구 성수동1가,708,708,0,동아그린,84.91,202109,4,130000,3,1999,상원12길 15,,-,-
서울특별시 성동구 성수동1가,708,708,0,동아그린,112.09,202109,25,142000,11,1999,상원12길 15,,-,-
서울특별시 성동구 성수동1가,708,708,0,동아그린,84.91,202109,28,127500,3,1999,상원12길 15,,-,-
서울특별시 성동구 성수동1가,708,708,0,동아그린,84.91,202109,28,125000,2,1999,상원길 76,,-,-
서울특별시 성동구 성수동1가,708,708,0,동아그린,84.91,202110,2,145000,9,1999,상원길 76,,-,-
서울특별시 성동구 성수동1가,13-157,13,157,뚝섬현대,84.22,202108,19,126000,1,1992,상원길 42,,-,-
서울특별시 성동구 성수동1가,656-234,656,234,서울숲대림,59.885,202106,18,137500,6,2000,뚝섬로1길 4,,-,-
서울특별시 성동구 성수동1가,656-234,656,234,서울숲대림,84.015,202108,5,180000,7,2000,뚝섬로 311,,-,-
서울특별시 성동구 성수동1가,656-234,656,234,서울숲대림,59.885,202108,30,145000,4,2000,뚝섬로 311,,-,-
서울특별시 성동구 성수동1가,656-234,656,234,서울숲대림,84.015,202202,18,200000,9,2000,뚝섬로 311,,중개거래,서울 성동구
서울특별시 성동구 성수동1가,707,707,0,서울숲한양현대,84.81,202109,1,139500,5,1999,상원1길 17,,-,-
서울특별시 성동구 성수동1가,707,707,0,서울숲한양현대,59.89,202109,11,115000,13,1999,상원1길 17,,-,-
서울특별시 성동구 성수동1가,707,707,0,서울숲한양현대,84.81,202201,19,150000,10,1999,상원1길 17,,중개거래,"경기 남양주시, 서울 성동구"
서울특별시 성동구 성수동1가,707,707,0,서울숲한양현대,59.89,202204,2,107000,4,1999,상원1길 17,,중개거래,서울 성동구
서울특별시 성동구 성수동1가,656-421,656,421,신장미,68.66,202204,6,227000,2,1983,왕십리로 66-15,,중개거래,서울 성동구
서울특별시 성동구 성수동1가,706,706,0,쌍용,59.76,202106,7,127900,13,1997,상원길 63,,-,-
서울특별시 성동구 성수동1가,706,706,0,쌍용,59.76,202106,14,109550,1,1997,상원길 63,,-,-
서울특별시 성동구 성수동1가,706,706,0,쌍용,59.76,202107,19,122000,3,1997,상원길 63,,-,-
서울특별시 성동구 성수동1가,706,706,0,쌍용,84.78,202107,27,143500,18,1997,상원길 63,,-,-
서울특별시 성동구 성수동1가,706,706,0,쌍용,59.76,202108,5,131000,8,1997,상원길 63,,-,-
서울특별시 성동구 성수동1가,706,706,0,쌍용,59.76,202108,14,127000,6,1997,상원길 63,,-,-
서울특별시 성동구 성수동1가,706,706,0,쌍용,59.76,202108,20,129000,12,1997,상원길 63,,-,-
서울특별시 성동구 성수동1가,706,706,0,쌍용,84.78,202108,21,148000,19,1997,상원길 63,,-,-
서울특별시 성동구 성수동1가,706,706,0,쌍용,84.78,202108,21,148000,19,1997,상원길 63,,-,-
서울특별시 성동구 성수동1가,706,706,0,쌍용,59.76,202109,11,130000,20,1997,상원길 63,,-,-
서울특별시 성동구 성수동1가,706,706,0,쌍용,84.78,202110,15,127000,1,1997,상원길 63,,-,-
서울특별시 성동구 성수동1가,706,706,0,쌍용,59.76,202111,5,133000,10,1997,상원길 63,,중개거래,서울 성동구
서울특별시 성동구 성수동1가,706,706,0,쌍용,84.78,202111,6,150000,3,1997,상원길 63,,중개거래,서울 성동구
서울특별시 성동구 성수동1가,706,706,0,쌍용,59.76,202111,6,129000,7,1997,상원길 63,,중개거래,서울 성동구
서울특별시 성동구 성수동1가,706,706,0,쌍용,59.76,202112,11,139000,20,1997,상원길 63,,중개거래,서울 성동구
서울특별시 성동구 성수동1가,706,706,0,쌍용,59.76,202201,9,138500,11,1997,상원길 63,,중개거래,서울 성동구
서울특별시 성동구 성수동1가,685-700,685,700,아크로서울포레스트,165.182,202204,13,620000,6,2020,왕십리로 83-21,,중개거래,"서울 성동구, 서울 송파구"
서울특별시 성동구 성수동1가,705,705,0,우방,60,202109,29,105000,1,1997,상원길 75,,-,-
서울특별시 성동구 성수동1가,705,705,0,우방,60,202205,14,100000,6,1997,상원길 75,,중개거래,서울 성동구
서울특별시 성동구 성수동1가,718,718,0,트리마제,84.8213,202106,11,315000,39,2017,왕십리로 16,,-,-
서울특별시 성동구 성수동1가,718,718,0,트리마제,84.8213,202106,20,350000,38,2017,왕십리로 16,,-,-
서울특별시 성동구 성수동1가,718,718,0,트리마제,84.8213,202107,3,325000,36,2017,왕십리로 16,,-,-
서울특별시 성동구 성수동1가,718,718,0,트리마제,25.3284,202107,14,109000,10,2017,왕십리로 16,,-,-
서울특별시 성동구 성수동1가,718,718,0,트리마제,140.3099,202107,19,320000,5,2017,왕십리로 16,,-,-
서울특별시 성동구 성수동1가,718,718,0,트리마제,84.8213,202108,9,350000,26,2017,왕십리로 16,,-,-
서울특별시 성동구 성수동1가,718,718,0,트리마제,152.1556,202108,24,495000,14,2017,왕십리로 16,,-,-
서울특별시 성동구 성수동1가,718,718,0,트리마제,49.6683,202108,31,207000,14,2017,왕십리로 16,,-,-
서울특별시 성동구 성수동1가,718,718,0,트리마제,25.3284,202109,4,104000,8,2017,왕십리로 16,,-,-
서울특별시 성동구 성수동1가,718,718,0,트리마제,25.3284,202109,11,109500,18,2017,왕십리로 16,,-,-
서울특별시 성동구 성수동1가,718,718,0,트리마제,25.3284,202110,10,109000,19,2017,왕십리로 16,,-,-
서울특별시 성동구 성수동1가,718,718,0,트리마제,35.4442,202110,13,169000,9,2017,왕십리로 16,,-,-
서울특별시 성동구 성수동1가,718,718,0,트리마제,152.1556,202110,27,530000,21,2017,왕십리로 16,,-,-
서울특별시 성동구 성수동1가,718,718,0,트리마제,140.3099,202111,19,459000,41,2017,왕십리로 16,,직거래,-
서울특별시 성동구 성수동1가,718,718,0,트리마제,25.3284,202112,23,105000,12,2017,왕십리로 16,,중개거래,서울 마포구
서울특별시 성동구 성수동1가,718,718,0,트리마제,152.1556,202112,27,550000,16,2017,왕십리로 16,,중개거래,서울 성동구
서울특별시 성동구 성수동1가,718,718,0,트리마제,49.6683,202201,5,207000,15,2017,왕십리로 16,,중개거래,서울 성동구
서울특별시 성동구 성수동1가,718,718,0,트리마제,84.8111,202201,29,303000,3,2017,왕십리로 16,,중개거래,서울 성동구
서울특별시 성동구 성수동1가,718,718,0,트리마제,69.7244,202203,7,249500,6,2017,왕십리로 16,,중개거래,서울 성동구
서울특별시 성동구 성수동1가,718,718,0,트리마제,25.3284,202203,26,109000,16,2017,왕십리로 16,,중개거래,서울 성동구
서울특별시 성동구 성수동1가,718,718,0,트리마제,35.4442,202204,5,155000,3,2017,왕십리로 16,,중개거래,서울 성동구
서울특별시 성동구 성수동1가,718,718,0,트리마제,35.4442,202204,5,163000,6,2017,왕십리로 16,,중개거래,서울 성동구
서울특별시 성동구 성수동1가,718,718,0,트리마제,49.6683,202204,18,201500,5,2017,왕십리로 16,,중개거래,"서울 강남구, 서울 성동구"
서울특별시 성동구 성수동1가,718,718,0,트리마제,25.3284,202204,23,109300,6,2017,왕십리로 16,,중개거래,서울 성동구
서울특별시 성동구 성수동1가,718,718,0,트리마제,25.3284,202205,1,102000,4,2017,왕십리로 16,,중개거래,"서울 서초구, 서울 성동구"
서울특별시 성동구 성수동1가,718,718,0,트리마제,152.1556,202205,19,650000,25,2017,왕십리로 16,,중개거래,서울 성동구
서울특별시 성동구 성수동1가,718,718,0,트리마제,84.8213,202205,23,389000,33,2017,왕십리로 16,,중개거래,"서울 강남구, 서울 성동구"
서울특별시 성동구 성수동1가,704,704,0,한진타운,84.21,202106,4,169000,12,1994,뚝섬로 310,,-,-
서울특별시 성동구 성수동1가,704,704,0,한진타운,84.21,202106,14,166500,6,1994,뚝섬로 310,,-,-
서울특별시 성동구 성수동1가,704,704,0,한진타운,84.21,202108,17,145000,2,1994,뚝섬로 310,,-,-
서울특별시 성동구 성수동1가,704,704,0,한진타운,84.21,202110,1,174000,13,1994,뚝섬로 310,,-,-
서울특별시 성동구 성수동1가,704,704,0,한진타운,84.21,202110,7,175000,15,1994,뚝섬로 310,20211117,-,-
서울특별시 성동구 성수동1가,704,704,0,한진타운,84.21,202111,17,175000,15,1994,뚝섬로 310,,중개거래,서울 성동구
서울특별시 성동구 성수동1가,704,704,0,한진타운,59.4,202203,16,159750,12,1994,뚝섬로 310,,중개거래,서울 성동구
서울특별시 성동구 성수동1가,676-5,676,5,현대,59.13,202109,11,114000,10,1990,서울숲길 34,,-,-
서울특별시 성동구 성수동1가,676-5,676,5,현대,84.73,202110,2,164000,13,1990,서울숲길 25,,-,-
서울특별시 성동구 성수동1가,676-5,676,5,현대,69.21,202110,9,130000,15,1990,서울숲길 25,,-,-
서울특별시 성동구 성수동1가,676-5,676,5,현대,84.73,202110,22,175000,10,1990,서울숲길 25,,-,-
서울특별시 성동구 성수동1가,676-5,676,5,현대,84.73,202204,15,155000,4,1990,서울숲길 25,,중개거래,서울 성동구
서울특별시 성동구 성수동1가,12086,33,2,현대그린,81.48,202106,19,143000,17,1994,뚝섬로3길 6,,-,-
서울특별시 성동구 성수동1가,12086,33,2,현대그린,81.48,202106,21,148000,14,1994,뚝섬로3길 6,,-,-
서울특별시 성동구 성수동1가,12086,33,2,현대그린,81.48,202109,23,122500,1,1994,뚝섬로3길 6,,-,-
서울특별시 성동구 성수동1가,12086,33,2,현대그린,56.97,202110,22,122000,3,1994,뚝섬로3길 6,,-,-
서울특별시 성동구 성수동1가,12086,33,2,현대그린,56.97,202201,9,110000,2,1994,뚝섬로3길 6,,중개거래,서울 성동구
서울특별시 성동구 성수동2가,609-2,609,2,강변임광,84.77,202204,21,223000,4,2000,둘레19길 5,,중개거래,서울 성동구
서울특별시 성동구 성수동2가,400,400,0,강변현대,81.8,202204,18,227500,16,1994,둘레11길 1,,중개거래,서울 성동구
서울특별시 성동구 성수동2가,832,832,0,금호타운2,59.94,202111,13,102000,13,1997,연무장길 31,,중개거래,서울 성동구
서울특별시 성동구 성수동2가,832,832,0,금호타운2,59.94,202204,9,110000,3,1997,연무장길 31,,중개거래,서울 성동구
서울특별시 성동구 성수동2가,840,840,0,대명루첸,84.95,202204,7,146500,5,2009,뚝섬로 436,,중개거래,서울 성동구
서울특별시 성동구 성수동2가,279-50,279,50,대우1,84.6,202107,29,95000,10,1999,동일로 143,,-,-
서울특별시 성동구 성수동2가,279-50,279,50,대우1,59.49,202110,23,70000,10,1999,동일로 143,,-,-
서울특별시 성동구 성수동2가,279-50,279,50,대우1,59.49,202111,15,73000,6,1999,동일로 143,,중개거래,서울 성동구
서울특별시 성동구 성수동2가,279-50,279,50,대우1,59.49,202204,30,76000,5,1999,동일로 143,,중개거래,서울 광진구
서울특별시 성동구 성수동2가,835,835,0,롯데캐슬파크,84.686,202107,12,155000,5,2003,성수일로8길 47,,-,-
서울특별시 성동구 성수동2가,835,835,0,롯데캐슬파크,81.567,202108,28,155000,9,2003,성수일로8길 47,,-,-
서울특별시 성동구 성수동2가,835,835,0,롯데캐슬파크,117.174,202109,4,183000,25,2003,성수일로8길 47,,-,-
서울특별시 성동구 성수동2가,835,835,0,롯데캐슬파크,101.995,202109,4,174500,23,2003,성수일로8길 47,,-,-
서울특별시 성동구 성수동2가,835,835,0,롯데캐슬파크,101.995,202109,15,176500,21,2003,성수일로8길 47,,-,-
서울특별시 성동구 성수동2가,835,835,0,롯데캐슬파크,81.567,202109,27,152000,5,2003,성수일로8길 47,,-,-
서울특별시 성동구 성수동2가,835,835,0,롯데캐슬파크,81.567,202111,20,163000,5,2003,성수일로8길 47,,중개거래,서울 성동구
서울특별시 성동구 성수동2가,835,835,0,롯데캐슬파크,58.491,202112,6,100000,14,2003,성수일로8길 47,,중개거래,서울 성동구
서울특별시 성동구 성수동2가,836,836,0,서울숲금강아미움,80.89,202106,15,85000,2,2004,아차산로9길 34,,-,-
서울특별시 성동구 성수동2가,836,836,0,서울숲금강아미움,80.89,202106,15,105500,2,2004,아차산로9길 34,,-,-
서울특별시 성동구 성수동2가,836,836,0,서울숲금강아미움,81.02,202108,27,111000,5,2004,아차산로9길 34,,-,-
서울특별시 성동구 성수동2가,833,833,0,신성미소지움,59.4,202108,17,109000,8,2001,뚝섬로13길 11,,-,-
서울특별시 성동구 성수동2가,833,833,0,신성미소지움,59.4,202109,3,100000,1,2001,뚝섬로13길 11,,-,-
서울특별시 성동구 성수동2가,833,833,0,신성미소지움,59.4,202112,22,108000,1,2001,뚝섬로13길 11,,중개거래,서울 성동구
서울특별시 성동구 성수동2가,286,286,0,우방2,84.645,202110,22,120000,12,1999,성수일로10길 3,,-,-
서울특별시 성동구 성수동2가,286,286,0,우방2,59.82,202202,26,99000,7,1999,성수일로10길 3,,중개거래,서울 성동구
서울특별시 성동구 성수동2가,320-2,320,2,이화101동,89.81,202204,26,120000,5,2004,성수이로7가길 20,,중개거래,서울 성동구
서울특별시 성동구 성수동2가,712,712,0,청구강변1,84.87,202107,7,215000,8,1994,둘레15길 7,,-,-
서울특별시 성동구 성수동2가,712,712,0,청구강변1,84.87,202108,20,220000,10,1994,둘레15길 7,,-,-
서울특별시 성동구 성수동2가,712,712,0,청구강변1,84.87,202110,22,225000,9,1994,둘레15길 7,,-,-
서울특별시 성동구 성수동2가,442,442,0,한신한강,84.97,202203,10,237000,6,2000,성수이로 3,,중개거래,서울 성동구
서울특별시 성동구 성수동2가,834,834,0,현대I-PARK,84.98,202106,28,160900,12,2003,성수이로 137,,-,-
서울특별시 성동구 성수동2가,834,834,0,현대I-PARK,84.98,202109,4,159200,7,2003,성수이로 137,,-,-
서울특별시 성동구 성수동2가,834,834,0,현대I-PARK,84.98,202109,4,159200,7,2003,성수이로 137,20211001,-,-
서울특별시 성동구 성수동2가,834,834,0,현대I-PARK,84.98,202109,14,160000,11,2003,성수이로 137,,-,-
서울특별시 성동구 성수동2가,834,834,0,현대I-PARK,84.98,202110,1,159000,22,2003,성수이로 137,,-,-
서울특별시 성동구 성수동2가,834,834,0,현대I-PARK,116.22,202110,1,187000,5,2003,성수이로 137,,-,-
서울특별시 성동구 성수동2가,834,834,0,현대I-PARK,84.98,202110,13,165000,12,2003,성수이로 137,,-,-
서울특별시 성동구 성수동2가,843,843,0,힐스테이트,117.13,202107,19,225000,11,2009,성수일로4길 26,,-,-
서울특별시 성동구 성수동2가,843,843,0,힐스테이트,117.13,202108,17,225000,13,2009,성수일로4길 26,,-,-
서울특별시 성동구 성수동2가,843,843,0,힐스테이트,143,202110,18,295000,16,2009,성수일로4길 26,,-,-
서울특별시 성동구 성수동2가,843,843,0,힐스테이트,57.49,202112,22,170000,3,2009,성수일로4길 26,,중개거래,서울 성동구
서울특별시 성동구 성수동2가,843,843,0,힐스테이트,42.22,202205,25,143000,19,2009,성수일로4길 26,,중개거래,서울 성동구
서울특별시 성동구 성수동2가,843,843,0,힐스테이트,84.78,202205,31,234000,3,2009,성수일로4길 26,,중개거래,서울 성동구
서울특별시 성동구 송정동,90,90,0,건영,59.21,202106,1,83000,19,2000,동일로 263,,-,-
서울특별시 성동구 송정동,90,90,0,건영,84.945,202106,5,93000,8,2000,동일로 263,,-,-
서울특별시 성동구 송정동,90,90,0,건영,59.21,202106,8,74000,6,2000,동일로 263,,-,-
서울특별시 성동구 송정동,90,90,0,건영,59.21,202107,26,73000,1,2000,동일로 263,,-,-
서울특별시 성동구 송정동,90,90,0,건영,84.945,202108,13,96000,12,2000,동일로 263,,-,-
서울특별시 성동구 송정동,90,90,0,건영,84.945,202108,15,94000,18,2000,동일로 263,,-,-
서울특별시 성동구 송정동,90,90,0,건영,84.945,202109,4,98000,15,2000,동일로 263,,-,-
서울특별시 성동구 송정동,90,90,0,건영,59.83,202110,16,69500,1,2000,동일로 263,,-,-
서울특별시 성동구 송정동,90,90,0,건영,84.945,202203,26,95000,13,2000,동일로 263,,중개거래,서울 성동구
서울특별시 성동구 송정동,90,90,0,건영,84.945,202204,6,93500,4,2000,동일로 263,,중개거래,"서울 광진구, 서울 성동구"
서울특별시 성동구 송정동,103,103,0,금호베스트빌,118.266,202108,14,116000,15,2002,광나루로 249,,-,-
서울특별시 성동구 송정동,103,103,0,금호베스트빌,118.266,202204,12,121500,8,2002,광나루로 249,,중개거래,서울 성동구
서울특별시 성동구 송정동,104,104,0,서울숲아이파크,84.87,202201,16,133000,15,2009,동일로 237,,중개거래,"서울 강서구, 서울 성동구"
서울특별시 성동구 송정동,104,104,0,서울숲아이파크,84.87,202204,9,128000,2,2009,동일로 237,,중개거래,서울 성동구
서울특별시 성동구 송정동,97,97,0,양지쉐르빌아파트,59.02,202201,8,52700,4,2016,동일로 291,,중개거래,"서울 동대문구, 서울 성동구"
서울특별시 성동구 옥수동,428,428,0,극동,68.58,202106,27,137000,15,1986,독서당로 191,,-,-
서울특별시 성동구 옥수동,428,428,0,극동,68.58,202107,8,138000,13,1986,독서당로 191,,-,-
서울특별시 성동구 옥수동,428,428,0,극동,84.74,202108,23,160000,4,1986,독서당로 191,,-,-
서울특별시 성동구 옥수동,428,428,0,극동,148.23,202110,15,200000,7,1986,독서당로 191,,-,-
서울특별시 성동구 옥수동,428,428,0,극동,57.78,202110,22,128000,14,1986,독서당로 191,,-,-
서울특별시 성동구 옥수동,428,428,0,극동,68.58,202112,7,136500,11,1986,독서당로 191,,직거래,-
서울특별시 성동구 옥수동,428,428,0,극동,57.78,202201,9,115000,1,1986,독서당로 191,,중개거래,서울 성동구
서울특별시 성동구 옥수동,428,428,0,극동,84.74,202204,25,162000,3,1986,독서당로 191,,중개거래,서울 성동구
서울특별시 성동구 옥수동,428,428,0,극동,148.23,202204,27,215000,13,1986,독서당로 191,20220520,중개거래,서울 성동구
서울특별시 성동구 옥수동,428,428,0,극동,148.23,202204,27,215000,13,1986,독서당로 191,,중개거래,서울 성동구
서울특별시 성동구 옥수동,428,428,0,극동,142.26,202205,19,193500,2,1986,독서당로 191,,중개거래,"서울 강남구, 서울 성동구"
서울특별시 성동구 옥수동,436,436,0,극동그린,114.32,202106,4,155000,16,1997,독서당로 175,,-,-
서울특별시 성동구 옥수동,436,436,0,극동그린,114.32,202106,5,139500,2,1997,독서당로 175,,-,-
서울특별시 성동구 옥수동,436,436,0,극동그린,114.32,202106,5,155000,13,1997,독서당로 175,,-,-
서울특별시 성동구 옥수동,436,436,0,극동그린,59.9,202106,19,117500,8,1997,독서당로 175,,-,-
서울특별시 성동구 옥수동,436,436,0,극동그린,114.32,202106,25,147000,5,1997,독서당로 175,,-,-
서울특별시 성동구 옥수동,436,436,0,극동그린,114.32,202107,9,142000,4,1997,독서당로 175,,-,-
서울특별시 성동구 옥수동,436,436,0,극동그린,84.92,202108,31,144000,6,1997,독서당로 175,,-,-
서울특별시 성동구 옥수동,436,436,0,극동그린,59.9,202205,11,115500,4,1997,독서당로 175,,중개거래,서울 성동구
서울특별시 성동구 옥수동,557,557,0,극동옥정,84.93,202110,16,108000,4,1998,한림말길 24,,-,-
서울특별시 성동구 옥수동,557,557,0,극동옥정,84.93,202111,12,115000,8,1998,한림말길 24,,중개거래,서울 성동구
서울특별시 성동구 옥수동,557,557,0,극동옥정,84.93,202111,23,113000,12,1998,한림말길 24,,중개거래,서울 성동구
서울특별시 성동구 옥수동,12,12,0,동인샤인빌,57.16,202109,4,99300,5,2003,독서당로 242,,-,-
서울특별시 성동구 옥수동,12,12,0,동인샤인빌,57.16,202205,3,101000,5,2003,독서당로 242,,중개거래,서울 성동구
서울특별시 성동구 옥수동,561,561,0,래미안 옥수 리버젠,59.25,202106,1,162000,18,2012,매봉길 15,,-,-
서울특별시 성동구 옥수동,561,561,0,래미안 옥수 리버젠,84.81,202106,12,190000,14,2012,매봉길 15,,-,-
서울특별시 성동구 옥수동,561,561,0,래미안 옥수 리버젠,84.81,202107,23,187500,11,2012,매봉길 15,,-,-
서울특별시 성동구 옥수동,561,561,0,래미안 옥수 리버젠,113.74,202108,13,224000,14,2012,매봉길 15,,-,-
서울특별시 성동구 옥수동,561,561,0,래미안 옥수 리버젠,59.84,202108,22,161000,7,2012,매봉길 15,,-,-
서울특별시 성동구 옥수동,561,561,0,래미안 옥수 리버젠,59.25,202108,23,157000,14,2012,매봉길 15,,-,-
서울특별시 성동구 옥수동,561,561,0,래미안 옥수 리버젠,84.73,202108,25,205000,11,2012,매봉길 15,,-,-
서울특별시 성동구 옥수동,561,561,0,래미안 옥수 리버젠,84.81,202109,9,210000,15,2012,매봉길 15,,-,-
서울특별시 성동구 옥수동,561,561,0,래미안 옥수 리버젠,113.52,202109,19,250000,5,2012,매봉길 15,,-,-
서울특별시 성동구 옥수동,561,561,0,래미안 옥수 리버젠,84.73,202110,2,195000,17,2012,매봉길 15,,-,-
서울특별시 성동구 옥수동,561,561,0,래미안 옥수 리버젠,59.25,202110,11,148000,1,2012,매봉길 15,,-,-
서울특별시 성동구 옥수동,561,561,0,래미안 옥수 리버젠,59.25,202110,12,175000,16,2012,매봉길 15,,-,-
서울특별시 성동구 옥수동,561,561,0,래미안 옥수 리버젠,84.81,202110,23,186500,4,2012,매봉길 15,,-,-
서울특별시 성동구 옥수동,561,561,0,래미안 옥수 리버젠,84.81,202112,20,204000,10,2012,매봉길 15,,중개거래,서울 성동구
서울특별시 성동구 옥수동,561,561,0,래미안 옥수 리버젠,59.25,202204,26,160000,19,2012,매봉길 15,,중개거래,서울 성동구
서울특별시 성동구 옥수동,561,561,0,래미안 옥수 리버젠,84.73,202204,28,210000,18,2012,매봉길 15,,중개거래,서울 성동구
서울특별시 성동구 옥수동,220-2,220,2,레미테지,224.09,202110,19,174000,3,2004,독서당로 154,,-,-
서울특별시 성동구 옥수동,478-1,478,1,모닝빌,209.14,202107,6,220000,6,2000,독서당로 155,,-,-
서울특별시 성동구 옥수동,478-1,478,1,모닝빌,208.14,202205,17,246000,5,2000,독서당로 155,,중개거래,서울 용산구
서울특별시 성동구 옥수동,250,250,0,삼성,114.666,202106,3,176000,11,1999,독서당로 218,,-,-
서울특별시 성동구 옥수동,250,250,0,삼성,59.7,202106,19,129000,3,1999,독서당로 218,,-,-
서울특별시 성동구 옥수동,250,250,0,삼성,84.822,202107,3,168000,8,1999,독서당로 218,,-,-
서울특별시 성동구 옥수동,250,250,0,삼성,59.7,202107,17,138000,18,1999,독서당로 218,,-,-
서울특별시 성동구 옥수동,250,250,0,삼성,59.7,202108,2,136500,15,1999,독서당로 218,,-,-
서울특별시 성동구 옥수동,250,250,0,삼성,114.666,202108,7,170000,9,1999,독서당로 218,,-,-
서울특별시 성동구 옥수동,250,250,0,삼성,84.822,202108,7,175000,19,1999,독서당로 218,,-,-
서울특별시 성동구 옥수동,250,250,0,삼성,59.7,202108,17,138000,12,1999,독서당로 218,,-,-
서울특별시 성동구 옥수동,250,250,0,삼성,84.822,202108,28,178000,16,1999,독서당로 218,,-,-
서울특별시 성동구 옥수동,250,250,0,삼성,84.822,202108,29,172000,7,1999,독서당로 218,,-,-
서울특별시 성동구 옥수동,250,250,0,삼성,59.7,202108,29,137500,14,1999,독서당로 218,,-,-
서울특별시 성동구 옥수동,250,250,0,삼성,114.666,202109,5,184000,7,1999,독서당로 218,,-,-
서울특별시 성동구 옥수동,250,250,0,삼성,59.7,202110,11,141000,12,1999,독서당로 218,,-,-
서울특별시 성동구 옥수동,250,250,0,삼성,59.7,202110,16,142000,10,1999,독서당로 218,,-,-
서울특별시 성동구 옥수동,250,250,0,삼성,114.666,202111,8,180000,6,1999,독서당로 218,,중개거래,서울 용산구
서울특별시 성동구 옥수동,250,250,0,삼성,84.822,202111,16,167500,15,1999,독서당로 218,,중개거래,서울 성동구
서울특별시 성동구 옥수동,250,250,0,삼성,114.666,202111,18,183000,3,1999,독서당로 218,,중개거래,"서울 강남구, 서울 성동구"
서울특별시 성동구 옥수동,250,250,0,삼성,114.666,202202,12,184500,10,1999,독서당로 218,,중개거래,서울 성동구
서울특별시 성동구 옥수동,250,250,0,삼성,114.666,202202,23,187000,7,1999,독서당로 218,,중개거래,"서울 강남구, 서울 성동구"
서울특별시 성동구 옥수동,250,250,0,삼성,114.666,202204,3,179000,3,1999,독서당로 218,,중개거래,서울 성동구
서울특별시 성동구 옥수동,250,250,0,삼성,59.7,202204,5,133000,11,1999,독서당로 218,,중개거래,"서울 광진구, 서울 성동구"
서울특별시 성동구 옥수동,250,250,0,삼성,59.7,202204,23,140000,20,1999,독서당로 218,,중개거래,서울 성동구
서울특별시 성동구 옥수동,250,250,0,삼성,84.822,202205,7,169000,16,1999,독서당로 218,,중개거래,서울 성동구
서울특별시 성동구 옥수동,250,250,0,삼성,59.7,202205,7,139000,17,1999,독서당로 218,,중개거래,서울 성동구
서울특별시 성동구 옥수동,250,250,0,삼성,114.666,202205,12,183800,1,1999,독서당로 218,,중개거래,서울 성동구
서울특별시 성동구 옥수동,250,250,0,삼성,84.822,202205,12,160000,11,1999,독서당로 218,,중개거래,서울 성동구
서울특별시 성동구 옥수동,306,306,0,옥수,47.54,202109,7,56000,4,1975,한림말3길 24,,-,-
서울특별시 성동구 옥수동,306,306,0,옥수,49.45,202109,16,45000,2,1975,한림말3길 24,,-,-
서울특별시 성동구 옥수동,560,560,0,옥수어울림,84.699,202202,24,183000,16,2011,독서당로40길 37,,중개거래,서울 성동구
서울특별시 성동구 옥수동,528,528,0,옥수파크힐스101동~116동,59.88,202106,2,163000,16,2016,매봉길 50,,-,-
서울특별시 성동구 옥수동,528,528,0,옥수파크힐스101동~116동,115.9,202106,9,218000,5,2016,매봉길 50,,-,-
서울특별시 성동구 옥수동,528,528,0,옥수파크힐스101동~116동,59.78,202106,11,154800,1,2016,매봉길 50,,-,-
서울특별시 성동구 옥수동,528,528,0,옥수파크힐스101동~116동,84.92,202106,22,184000,6,2016,매봉길 50,,-,-
서울특별시 성동구 옥수동,528,528,0,옥수파크힐스101동~116동,84.3,202106,23,184000,9,2016,매봉길 50,,-,-
서울특별시 성동구 옥수동,528,528,0,옥수파크힐스101동~116동,84.51,202107,3,189000,12,2016,매봉길 50,,-,-
서울특별시 성동구 옥수동,528,528,0,옥수파크힐스101동~116동,59.88,202107,21,158000,12,2016,매봉길 50,,-,-
서울특별시 성동구 옥수동,528,528,0,옥수파크힐스101동~116동,84.51,202107,24,190000,18,2016,매봉길 50,,-,-
서울특별시 성동구 옥수동,528,528,0,옥수파크힐스101동~116동,59.88,202108,9,159000,8,2016,매봉길 50,,-,-
서울특별시 성동구 옥수동,528,528,0,옥수파크힐스101동~116동,59.78,202108,12,162500,7,2016,매봉길 50,,-,-
서울특별시 성동구 옥수동,528,528,0,옥수파크힐스101동~116동,84.51,202108,14,184400,4,2016,매봉길 50,,-,-
서울특별시 성동구 옥수동,528,528,0,옥수파크힐스101동~116동,115.1,202108,21,203000,3,2016,매봉길 50,,-,-
서울특별시 성동구 옥수동,528,528,0,옥수파크힐스101동~116동,59.88,202108,27,157500,2,2016,매봉길 50,,-,-
서울특별시 성동구 옥수동,528,528,0,옥수파크힐스101동~116동,59.88,202108,27,157500,2,2016,매봉길 50,20211123,-,-
서울특별시 성동구 옥수동,528,528,0,옥수파크힐스101동~116동,59.78,202109,11,160000,13,2016,매봉길 50,,-,-
서울특별시 성동구 옥수동,528,528,0,옥수파크힐스101동~116동,84.3,202109,17,205000,5,2016,매봉길 50,,-,-
서울특별시 성동구 옥수동,528,528,0,옥수파크힐스101동~116동,59.88,202109,18,165000,6,2016,매봉길 50,,-,-
서울특별시 성동구 옥수동,528,528,0,옥수파크힐스101동~116동,84.51,202110,1,209000,8,2016,매봉길 50,,-,-
서울특별시 성동구 옥수동,528,528,0,옥수파크힐스101동~116동,59.88,202205,20,149000,2,2016,매봉길 50,,중개거래,"서울 마포구, 서울 성동구"
서울특별시 성동구 옥수동,528-1,528,1,옥수파크힐스117동~125동,84.3,202109,30,198000,16,2016,매봉길 50,,-,-
서울특별시 성동구 옥수동,528-1,528,1,옥수파크힐스117동~125동,59.78,202112,27,151000,12,2016,매봉길 50,,중개거래,서울 성동구
서울특별시 성동구 옥수동,528-1,528,1,옥수파크힐스117동~125동,59.59,202204,18,155000,13,2016,매봉길 50,,중개거래,서울 성동구
서울특별시 성동구 옥수동,100,100,0,옥수하이츠,114.78,202106,2,216000,15,1998,한림말길 50,,-,-
서울특별시 성동구 옥수동,100,100,0,옥수하이츠,114.78,202107,10,218000,6,1998,한림말길 50,,-,-
서울특별시 성동구 옥수동,100,100,0,옥수하이츠,84.86,202108,4,185000,12,1998,한림말길 50,,-,-
서울특별시 성동구 옥수동,100,100,0,옥수하이츠,114.78,202108,29,215000,4,1998,한림말길 50,,-,-
서울특별시 성동구 옥수동,100,100,0,옥수하이츠,84.86,202110,9,184000,3,1998,한림말길 50,,-,-
서울특별시 성동구 옥수동,100,100,0,옥수하이츠,84.86,202110,10,190000,11,1998,한림말길 50,,-,-
서울특별시 성동구 옥수동,100,100,0,옥수하이츠,114.78,202111,22,213000,15,1998,한림말길 50,,중개거래,서울 성동구
서울특별시 성동구 옥수동,100,100,0,옥수하이츠,114.78,202205,19,220000,13,1998,한림말길 50,,중개거래,서울 성동구
서울특별시 성동구 옥수동,60,60,0,풍림아이원,84.767,202107,6,152000,3,2004,뚝섬로 51,,-,-
서울특별시 성동구 옥수동,60,60,0,풍림아이원,84.762,202110,11,186000,14,2004,뚝섬로 51,,-,-
서울특별시 성동구 옥수동,60,60,0,풍림아이원,84.767,202204,29,174500,13,2004,뚝섬로 51,,중개거래,"서울 강남구, 서울 성동구"
서울특별시 성동구 옥수동,60,60,0,풍림아이원,84.767,202205,17,171000,4,2004,뚝섬로 51,,중개거래,서울 성동구
서울특별시 성동구 옥수동,220-1,220,1,한남하이츠,177.12,202106,16,320000,8,1982,독서당로 156,,-,-
서울특별시 성동구 옥수동,220-1,220,1,한남하이츠,177.12,202106,18,335000,9,1982,독서당로 156,,-,-
서울특별시 성동구 옥수동,220-1,220,1,한남하이츠,87.67,202107,27,200000,10,1982,독서당로 156,,-,-
서울특별시 성동구 옥수동,220-1,220,1,한남하이츠,177.12,202201,27,370000,11,1982,독서당로 156,,중개거래,"서울 서초구, 서울 성동구"
서울특별시 성동구 옥수동,4,4,0,현대,71.05,202107,27,140000,1,1990,독서당로40길 25,,-,-
서울특별시 성동구 옥수동,4,4,0,현대,123.51,202108,21,183000,7,1990,독서당로40길 25,,-,-
서울특별시 성동구 옥수동,4,4,0,현대,104.41,202109,11,180000,10,1990,독서당로40길 25,,-,-
서울특별시 성동구 옥수동,4,4,0,현대,71.05,202110,8,150000,1,1990,독서당로40길 25,,-,-
서울특별시 성동구 옥수동,4,4,0,현대,84.9,202204,11,158000,8,1990,독서당로40길 25,,중개거래,서울 성동구
서울특별시 성동구 옥수동,4,4,0,현대,71.05,202205,6,158000,2,1990,독서당로40길 25,,중개거래,서울 성동구
서울특별시 성동구 용답동,226-4,226,4,YM프라젠,59.94,202110,12,69000,3,2007,자동차시장1길 14,,-,-
서울특별시 성동구 용답동,226-4,226,4,YM프라젠,59.94,202110,12,69000,3,2007,자동차시장1길 14,20211027,-,-
서울특별시 성동구 용답동,252,252,0,덕현해밀,84.99,202106,24,94500,9,2014,용답29길 29,,-,-
서울특별시 성동구 용답동,252,252,0,덕현해밀,51.04,202107,27,58000,9,2014,용답29길 29,,-,-
서울특별시 성동구 용답동,252,252,0,덕현해밀,84.99,202111,20,100000,6,2014,용답29길 29,,중개거래,서울 성동구
서울특별시 성동구 용답동,252,252,0,덕현해밀,84.99,202202,3,103000,2,2014,용답29길 29,,중개거래,서울 성동구
서울특별시 성동구 용답동,15,15,0,중앙하이츠,84.545,202106,29,77500,2,1995,용답중앙27길 10,,-,-
서울특별시 성동구 용답동,15,15,0,중앙하이츠,59.74,202108,27,73400,10,1995,용답중앙27길 10,,-,-
서울특별시 성동구 응봉동,98,98,0,금호현대,79.8,202107,27,122500,8,1990,독서당로 377,,-,-
서울특별시 성동구 응봉동,98,98,0,금호현대,79.8,202107,27,125000,7,1990,독서당로 377,,-,-
서울특별시 성동구 응봉동,98,98,0,금호현대,79.8,202108,4,124000,6,1990,독서당로 377,,-,-
서울특별시 성동구 응봉동,98,98,0,금호현대,79.8,202108,25,130000,10,1990,독서당로 377,,-,-
서울특별시 성동구 응봉동,98,98,0,금호현대,59.91,202108,29,100000,4,1990,독서당로 377,,-,-
서울특별시 성동구 응봉동,98,98,0,금호현대,59.91,202111,18,100000,4,1990,독서당로 377,,중개거래,서울 성동구
서울특별시 성동구 응봉동,98,98,0,금호현대,59.91,202205,24,99000,10,1990,독서당로 377,,중개거래,"광주 서구, 서울 성동구"
서울특별시 성동구 응봉동,100,100,0,대림(1차),75.51,202106,12,136500,4,1986,독서당로62길 43,,-,-
서울특별시 성동구 응봉동,100,100,0,대림(1차),63.18,202107,3,116000,5,1986,독서당로62길 43,,-,-
서울특별시 성동구 응봉동,100,100,0,대림(1차),63.18,202107,17,128500,14,1986,독서당로62길 43,,-,-
서울특별시 성동구 응봉동,100,100,0,대림(1차),113.71,202107,22,156000,5,1986,독서당로62길 43,,-,-
서울특별시 성동구 응봉동,100,100,0,대림(1차),75.51,202201,1,144000,14,1986,독서당로62길 43,,중개거래,서울 성동구
서울특별시 성동구 응봉동,100,100,0,대림(1차),75.51,202203,19,136500,8,1986,독서당로62길 43,,중개거래,서울 성동구
서울특별시 성동구 응봉동,100,100,0,대림(1차),75.51,202203,25,138500,15,1986,독서당로62길 43,,중개거래,서울 성동구
서울특별시 성동구 응봉동,100,100,0,대림(1차),113.71,202204,16,174000,3,1986,독서당로62길 43,,중개거래,서울 성동구
서울특별시 성동구 응봉동,97,97,0,대림(2차),84.53,202106,19,115000,8,1989,독서당로 431,,-,-
서울특별시 성동구 응봉동,97,97,0,대림(2차),59.91,202107,16,100500,12,1989,독서당로 431,,-,-
서울특별시 성동구 응봉동,97,97,0,대림(2차),84.53,202107,24,107500,1,1989,독서당로 431,,-,-
서울특별시 성동구 응봉동,97,97,0,대림(2차),59.91,202107,24,96000,5,1989,독서당로 431,,-,-
서울특별시 성동구 응봉동,97,97,0,대림(2차),84.53,202107,27,76000,11,1989,독서당로 431,,-,-
서울특별시 성동구 응봉동,97,97,0,대림(2차),84.53,202108,7,110000,9,1989,독서당로 431,,-,-
서울특별시 성동구 응봉동,15,15,0,대림강변타운,84.42,202106,3,143000,5,2001,고산자로 160,,-,-
서울특별시 성동구 응봉동,15,15,0,대림강변타운,84.42,202106,5,131000,19,2001,고산자로 160,,-,-
서울특별시 성동구 응봉동,15,15,0,대림강변타운,114.88,202107,3,165000,6,2001,고산자로 160,,-,-
서울특별시 성동구 응봉동,15,15,0,대림강변타운,59.76,202107,9,120500,9,2001,고산자로 160,,-,-
서울특별시 성동구 응봉동,15,15,0,대림강변타운,59.76,202107,26,119000,10,2001,고산자로 160,,-,-
서울특별시 성동구 응봉동,15,15,0,대림강변타운,59.76,202107,29,109000,4,2001,고산자로 160,,-,-
서울특별시 성동구 응봉동,15,15,0,대림강변타운,84.42,202108,7,133900,7,2001,고산자로 160,,-,-
서울특별시 성동구 응봉동,15,15,0,대림강변타운,84.42,202108,10,145000,9,2001,고산자로 160,,-,-
서울특별시 성동구 응봉동,15,15,0,대림강변타운,84.42,202108,12,140000,23,2001,고산자로 160,,-,-
서울특별시 성동구 응봉동,15,15,0,대림강변타운,59.76,202108,14,114500,12,2001,고산자로 160,,-,-
서울특별시 성동구 응봉동,15,15,0,대림강변타운,84.42,202108,17,154500,14,2001,고산자로 160,,-,-
서울특별시 성동구 응봉동,15,15,0,대림강변타운,84.42,202109,3,135000,1,2001,고산자로 160,,-,-
서울특별시 성동구 응봉동,15,15,0,대림강변타운,59.76,202109,13,119900,5,2001,고산자로 160,,-,-
서울특별시 성동구 응봉동,15,15,0,대림강변타운,114.88,202109,25,190000,20,2001,고산자로 160,,-,-
서울특별시 성동구 응봉동,15,15,0,대림강변타운,114.88,202110,12,173000,13,2001,고산자로 160,,-,-
서울특별시 성동구 응봉동,15,15,0,대림강변타운,59.76,202111,6,109500,1,2001,고산자로 160,,중개거래,서울 성동구
서울특별시 성동구 응봉동,15,15,0,대림강변타운,59.76,202201,28,103000,6,2001,고산자로 160,,중개거래,서울 성동구
서울특별시 성동구 응봉동,15,15,0,대림강변타운,59.76,202202,21,109500,17,2001,고산자로 160,,중개거래,서울 성동구
서울특별시 성동구 응봉동,15,15,0,대림강변타운,84.42,202203,15,135000,8,2001,고산자로 160,,중개거래,서울 성동구
서울특별시 성동구 응봉동,15,15,0,대림강변타운,59.76,202203,23,108500,14,2001,고산자로 160,,중개거래,서울 성동구
서울특별시 성동구 응봉동,15,15,0,대림강변타운,59.76,202204,2,112500,19,2001,고산자로 160,,중개거래,서울 성동구
서울특별시 성동구 응봉동,15,15,0,대림강변타운,59.76,202204,19,110000,13,2001,고산자로 160,,중개거래,서울 성동구
서울특별시 성동구 응봉동,15,15,0,대림강변타운,59.76,202204,29,128000,18,2001,고산자로 160,,중개거래,서울 성동구
서울특별시 성동구 응봉동,15,15,0,대림강변타운,84.42,202204,30,148000,20,2001,고산자로 160,,중개거래,서울 성동구
서울특별시 성동구 응봉동,15,15,0,대림강변타운,84.42,202205,31,163000,22,2001,고산자로 160,,중개거래,서울 성동구
서울특별시 성동구 응봉동,276,276,0,서울숲리버그린동아아파트,84.83,202106,4,140800,20,2003,고산자로4길 34,,-,-
서울특별시 성동구 응봉동,276,276,0,서울숲리버그린동아아파트,59.98,202106,5,105000,9,2003,고산자로4길 34,,-,-
서울특별시 성동구 응봉동,276,276,0,서울숲리버그린동아아파트,114.86,202106,30,152000,4,2003,고산자로4길 34,,-,-
서울특별시 성동구 응봉동,276,276,0,서울숲리버그린동아아파트,84.83,202107,17,142000,11,2003,고산자로4길 34,,-,-
서울특별시 성동구 응봉동,276,276,0,서울숲리버그린동아아파트,59.98,202108,9,115500,7,2003,고산자로4길 34,,-,-
서울특별시 성동구 응봉동,276,276,0,서울숲리버그린동아아파트,84.83,202108,13,150000,19,2003,고산자로4길 34,,-,-
서울특별시 성동구 응봉동,276,276,0,서울숲리버그린동아아파트,84.83,202108,14,145000,11,2003,고산자로4길 34,,-,-
서울특별시 성동구 응봉동,276,276,0,서울숲리버그린동아아파트,84.83,202108,19,128500,1,2003,고산자로4길 34,,-,-
서울특별시 성동구 응봉동,276,276,0,서울숲리버그린동아아파트,59.98,202110,11,119500,10,2003,고산자로4길 34,,-,-
서울특별시 성동구 응봉동,276,276,0,서울숲리버그린동아아파트,84.83,202203,29,154000,9,2003,고산자로4길 34,,중개거래,서울 성동구
서울특별시 성동구 응봉동,276,276,0,서울숲리버그린동아아파트,84.65,202204,2,153000,19,2003,고산자로4길 34,,중개거래,서울 성동구
서울특별시 성동구 응봉동,276,276,0,서울숲리버그린동아아파트,114.86,202205,13,184500,8,2003,고산자로4길 34,,중개거래,서울 성동구
서울특별시 성동구 응봉동,275,275,0,신동아,59.97,202106,6,95000,5,1996,독서당로 375,,-,-
서울특별시 성동구 응봉동,275,275,0,신동아,59.97,202106,15,70000,4,1996,독서당로 375,,-,-
서울특별시 성동구 응봉동,275,275,0,신동아,59.97,202106,19,102000,8,1996,독서당로 375,,-,-
서울특별시 성동구 응봉동,275,275,0,신동아,114.72,202106,22,119000,6,1996,독서당로 375,,-,-
서울특별시 성동구 응봉동,275,275,0,신동아,59.97,202107,23,98500,14,1996,독서당로 375,,-,-
서울특별시 성동구 응봉동,275,275,0,신동아,84.81,202107,23,119000,7,1996,독서당로 375,,-,-
서울특별시 성동구 응봉동,275,275,0,신동아,59.97,202107,24,97000,6,1996,독서당로 375,,-,-
서울특별시 성동구 응봉동,275,275,0,신동아,59.97,202109,14,106000,15,1996,독서당로 375,,-,-
서울특별시 성동구 응봉동,275,275,0,신동아,84.81,202111,22,115000,5,1996,독서당로 375,,중개거래,서울 성동구
서울특별시 성동구 응봉동,275,275,0,신동아,84.81,202205,21,120000,14,1996,독서당로 375,,중개거래,"서울 서초구, 서울 성동구"
서울특별시 성동구 하왕십리동,1058,1058,0,극동미라주,59.4,202106,18,87500,6,2001,난계로 73,,-,-
서울특별시 성동구 하왕십리동,1058,1058,0,극동미라주,59.4,202106,20,85000,7,2001,난계로 73,,-,-
서울특별시 성동구 하왕십리동,1058,1058,0,극동미라주,84.33,202106,20,101500,1,2001,난계로 73,,-,-
서울특별시 성동구 하왕십리동,1058,1058,0,극동미라주,84.33,202107,18,105000,4,2001,난계로 73,,-,-
서울특별시 성동구 하왕십리동,1058,1058,0,극동미라주,84.33,202107,19,95000,1,2001,난계로 73,,-,-
서울특별시 성동구 하왕십리동,1058,1058,0,극동미라주,114.63,202107,20,130000,10,2001,난계로 73,,-,-
서울특별시 성동구 하왕십리동,1058,1058,0,극동미라주,84.33,202108,9,107500,9,2001,난계로 73,,-,-
서울특별시 성동구 하왕십리동,1058,1058,0,극동미라주,84.33,202111,19,110500,4,2001,난계로 73,,중개거래,서울 성동구
서울특별시 성동구 하왕십리동,1052,1052,0,금호베스트빌,84.97,202108,1,108000,18,2001,난계로 114-31,,-,-
서울특별시 성동구 하왕십리동,1052,1052,0,금호베스트빌,84.97,202108,1,108000,18,2001,난계로 114-31,20210801,-,-
서울특별시 성동구 하왕십리동,1052,1052,0,금호베스트빌,59.79,202108,18,84000,6,2001,난계로 114-31,,-,-
서울특별시 성동구 하왕십리동,1052,1052,0,금호베스트빌,59.79,202109,9,88000,6,2001,난계로 114-31,,-,-
서울특별시 성동구 하왕십리동,992,992,0,무학현대,84.675,202106,17,92500,9,1996,무학봉길 49,,-,-
서울특별시 성동구 하왕십리동,992,992,0,무학현대,84.675,202106,22,93000,8,1996,무학봉길 49,,-,-
서울특별시 성동구 하왕십리동,992,992,0,무학현대,84.495,202107,6,92000,6,1996,무학봉길 49,,-,-
서울특별시 성동구 하왕십리동,992,992,0,무학현대,84.675,202107,10,94000,5,1996,무학봉길 49,,-,-
서울특별시 성동구 하왕십리동,992,992,0,무학현대,84.675,202108,22,97000,14,1996,무학봉길 49,,-,-
서울특별시 성동구 하왕십리동,992,992,0,무학현대,84.495,202109,8,95300,5,1996,무학봉길 49,,-,-
서울특별시 성동구 하왕십리동,992,992,0,무학현대,84.675,202110,9,96000,2,1996,무학봉길 49,,-,-
서울특별시 성동구 하왕십리동,992,992,0,무학현대,84.675,202204,15,95000,4,1996,무학봉길 49,,직거래,-
서울특별시 성동구 하왕십리동,890-446,890,446,블루빌,39.85,202109,14,35000,7,2014,왕십리로31길 15,,-,-
서울특별시 성동구 하왕십리동,966-18,966,18,상리제나우스,12.84,202106,14,13000,7,2013,무학봉28길 5,,-,-
서울특별시 성동구 하왕십리동,966-18,966,18,상리제나우스,12.84,202107,17,12800,9,2013,무학봉28길 5,,-,-
서울특별시 성동구 하왕십리동,966-18,966,18,상리제나우스,12.84,202109,29,12700,3,2013,무학봉28길 5,,-,-
서울특별시 성동구 하왕십리동,966-18,966,18,상리제나우스,12.84,202110,5,14000,8,2013,무학봉28길 5,,-,-
서울특별시 성동구 하왕십리동,966-18,966,18,상리제나우스,12.84,202112,31,13000,6,2013,무학봉28길 5,,중개거래,서울 성동구
서울특별시 성동구 하왕십리동,966-18,966,18,상리제나우스,12.84,202201,17,13000,5,2013,무학봉28길 5,,중개거래,서울 성동구
서울특별시 성동구 하왕십리동,966-18,966,18,상리제나우스,12.84,202201,24,13000,3,2013,무학봉28길 5,,중개거래,서울 성동구
서울특별시 성동구 하왕십리동,966-18,966,18,상리제나우스,12.84,202204,1,13400,9,2013,무학봉28길 5,,중개거래,서울 성동구
서울특별시 성동구 하왕십리동,966-18,966,18,상리제나우스,12.84,202205,19,13000,4,2013,무학봉28길 5,,중개거래,"서울 성동구, 서울 송파구"
서울특별시 성동구 하왕십리동,966-18,966,18,상리제나우스,12.84,202205,26,13000,4,2013,무학봉28길 5,,중개거래,서울 성동구
서울특별시 성동구 하왕십리동,1070,1070,0,센트라스,115.99,202106,3,210000,23,2016,왕십리로 410,,-,-
서울특별시 성동구 하왕십리동,1070,1070,0,센트라스,59.93,202106,5,148000,20,2016,왕십리로 410,,-,-
서울특별시 성동구 하왕십리동,1070,1070,0,센트라스,59.99,202106,19,135000,14,2016,왕십리로 410,,-,-
서울특별시 성동구 하왕십리동,1070,1070,0,센트라스,59.99,202106,19,135000,14,2016,왕십리로 410,20220211,-,-
서울특별시 성동구 하왕십리동,1070,1070,0,센트라스,84.98,202106,22,180000,16,2016,왕십리로 410,,-,-
서울특별시 성동구 하왕십리동,1070,1070,0,센트라스,59.99,202107,1,137500,22,2016,왕십리로 410,,-,-
서울특별시 성동구 하왕십리동,1070,1070,0,센트라스,59.93,202107,1,148500,9,2016,왕십리로 410,,-,-
서울특별시 성동구 하왕십리동,1070,1070,0,센트라스,84.96,202107,2,177000,4,2016,왕십리로 410,,-,-
서울특별시 성동구 하왕십리동,1070,1070,0,센트라스,59.95,202107,21,139000,22,2016,왕십리로 410,,-,-
서울특별시 성동구 하왕십리동,1070,1070,0,센트라스,59.99,202107,24,132000,11,2016,왕십리로 410,,-,-
서울특별시 성동구 하왕십리동,1070,1070,0,센트라스,84.99,202108,1,170000,5,2016,왕십리로 410,,-,-
서울특별시 성동구 하왕십리동,1070,1070,0,센트라스,84.77,202108,11,188000,6,2016,왕십리로 410,,-,-
서울특별시 성동구 하왕십리동,1070,1070,0,센트라스,40.94,202108,12,99000,8,2016,왕십리로 410,20211210,-,-
서울특별시 성동구 하왕십리동,1070,1070,0,센트라스,84.99,202108,17,192000,10,2016,왕십리로 410,,-,-
서울특별시 성동구 하왕십리동,1070,1070,0,센트라스,84.99,202108,17,192000,10,2016,왕십리로 410,20220321,-,-
서울특별시 성동구 하왕십리동,1070,1070,0,센트라스,84.99,202108,18,181000,22,2016,왕십리로 410,,-,-
서울특별시 성동구 하왕십리동,1070,1070,0,센트라스,84.99,202109,26,165000,1,2016,왕십리로 410,,-,-
서울특별시 성동구 하왕십리동,1070,1070,0,센트라스,59.94,202109,28,150000,22,2016,왕십리로 410,,-,-
서울특별시 성동구 하왕십리동,1070,1070,0,센트라스,84.96,202110,6,173000,15,2016,왕십리로 410,,-,-
서울특별시 성동구 하왕십리동,1070,1070,0,센트라스,84.96,202110,9,183300,9,2016,왕십리로 410,,-,-
서울특별시 성동구 하왕십리동,1070,1070,0,센트라스,84.89,202110,24,172000,7,2016,왕십리로 410,,-,-
서울특별시 성동구 하왕십리동,1070,1070,0,센트라스,40.94,202110,27,99000,21,2016,왕십리로 410,,-,-
서울특별시 성동구 하왕십리동,1070,1070,0,센트라스,59.94,202112,28,153000,19,2016,왕십리로 410,,중개거래,서울 성동구
서울특별시 성동구 하왕십리동,1070,1070,0,센트라스,84.99,202112,30,175000,8,2016,왕십리로 410,,중개거래,서울 성동구
서울특별시 성동구 하왕십리동,1070,1070,0,센트라스,84.99,202201,19,184000,22,2016,왕십리로 410,,중개거래,서울 성동구
서울특별시 성동구 하왕십리동,1070,1070,0,센트라스,84.96,202202,10,180000,13,2016,왕십리로 410,,중개거래,서울 성동구
서울특별시 성동구 하왕십리동,1070,1070,0,센트라스,84.99,202204,8,175000,23,2016,왕십리로 410,,중개거래,서울 성동구
서울특별시 성동구 하왕십리동,1070,1070,0,센트라스,59.93,202204,9,147500,23,2016,왕십리로 410,,중개거래,서울 성동구
서울특별시 성동구 하왕십리동,1070,1070,0,센트라스,84.96,202205,20,192000,16,2016,왕십리로 410,,중개거래,서울 성동구
서울특별시 성동구 하왕십리동,1002,1002,0,왕십리KCC스위첸,64.236,202106,21,119000,6,2016,무학봉길 35,,-,-
서울특별시 성동구 하왕십리동,1002,1002,0,왕십리KCC스위첸,84.897,202110,26,140000,10,2016,무학봉길 35,,-,-
서울특별시 성동구 하왕십리동,1002,1002,0,왕십리KCC스위첸,64.244,202110,26,120500,9,2016,무학봉길 35,,-,-
서울특별시 성동구 하왕십리동,1002,1002,0,왕십리KCC스위첸,59.851,202201,12,111000,10,2016,무학봉길 35,,중개거래,서울 성동구
서울특별시 성동구 하왕십리동,1002,1002,0,왕십리KCC스위첸,84.897,202205,20,125000,2,2016,무학봉길 35,,중개거래,서울 성동구
서울특별시 성동구 하왕십리동,1071,1071,0,왕십리자이,51.94,202106,12,104000,2,2017,난계로 100,,-,-
서울특별시 성동구 하왕십리동,1071,1071,0,왕십리자이,59.99,202106,12,127000,13,2017,난계로 100,,-,-
서울특별시 성동구 하왕십리동,1071,1071,0,왕십리자이,59.99,202106,15,130000,13,2017,난계로 100,,-,-
서울특별시 성동구 하왕십리동,1071,1071,0,왕십리자이,59.99,202107,17,133800,18,2017,난계로 100,,-,-
서울특별시 성동구 하왕십리동,1071,1071,0,왕십리자이,59.99,202107,25,136500,14,2017,난계로 100,,-,-
서울특별시 성동구 하왕십리동,1071,1071,0,왕십리자이,59.99,202108,21,140000,14,2017,난계로 100,,-,-
서울특별시 성동구 하왕십리동,1071,1071,0,왕십리자이,84.99,202108,27,151500,6,2017,난계로 100,,-,-
서울특별시 성동구 하왕십리동,1071,1071,0,왕십리자이,59.99,202108,28,130000,2,2017,난계로 100,,-,-
서울특별시 성동구 하왕십리동,1071,1071,0,왕십리자이,59.99,202109,7,138000,12,2017,난계로 100,,-,-
서울특별시 성동구 하왕십리동,1071,1071,0,왕십리자이,84.99,202109,7,154000,9,2017,난계로 100,,-,-
서울특별시 성동구 하왕십리동,1071,1071,0,왕십리자이,59.99,202109,27,137000,7,2017,난계로 100,,-,-
서울특별시 성동구 하왕십리동,1071,1071,0,왕십리자이,84.99,202110,28,160000,12,2017,난계로 100,,-,-
서울특별시 성동구 하왕십리동,1071,1071,0,왕십리자이,59.99,202204,6,122500,1,2017,난계로 100,,중개거래,서울 성동구
서울특별시 성동구 하왕십리동,1071,1071,0,왕십리자이,59.99,202205,25,129000,16,2017,난계로 100,,중개거래,"서울 성동구, 서울 성북구"
서울특별시 성동구 하왕십리동,1064,1064,0,왕십리지웰,84.981,202111,8,105000,1,2009,무학봉길 76,,중개거래,"서울 성동구, 서울 중구"
서울특별시 성동구 하왕십리동,966-19,966,19,왕십리지음재,16.76,202205,13,23000,5,2020,무학봉28길 3-1,,직거래,-
서울특별시 성동구 하왕십리동,1061,1061,0,왕십리풍림아이원,84.417,202106,8,122000,13,2004,난계로 84,,-,-
서울특별시 성동구 하왕십리동,1061,1061,0,왕십리풍림아이원,59.936,202106,8,102000,7,2004,난계로 84,,-,-
서울특별시 성동구 하왕십리동,1061,1061,0,왕십리풍림아이원,84.417,202106,8,122000,13,2004,난계로 84,20210820,-,-
서울특별시 성동구 하왕십리동,1061,1061,0,왕십리풍림아이원,84.417,202106,15,123000,11,2004,난계로 84,,-,-
서울특별시 성동구 하왕십리동,1061,1061,0,왕십리풍림아이원,114.928,202106,23,128500,7,2004,난계로 84,,-,-
서울특별시 성동구 하왕십리동,1061,1061,0,왕십리풍림아이원,114.928,202106,23,128500,7,2004,난계로 84,20210802,-,-
서울특별시 성동구 하왕십리동,1061,1061,0,왕십리풍림아이원,59.936,202107,3,102000,5,2004,난계로 84,,-,-
서울특별시 성동구 하왕십리동,1061,1061,0,왕십리풍림아이원,59.936,202107,14,107000,6,2004,난계로 84,,-,-
서울특별시 성동구 하왕십리동,1061,1061,0,왕십리풍림아이원,84.417,202107,18,120000,18,2004,난계로 84,,-,-
서울특별시 성동구 하왕십리동,1061,1061,0,왕십리풍림아이원,59.936,202107,18,107000,8,2004,난계로 84,,-,-
서울특별시 성동구 하왕십리동,1061,1061,0,왕십리풍림아이원,114.928,202107,21,134000,15,2004,난계로 84,,-,-
서울특별시 성동구 하왕십리동,1061,1061,0,왕십리풍림아이원,59.936,202107,23,102500,10,2004,난계로 84,,-,-
서울특별시 성동구 하왕십리동,1061,1061,0,왕십리풍림아이원,59.936,202108,7,102000,2,2004,난계로 84,,-,-
서울특별시 성동구 하왕십리동,1061,1061,0,왕십리풍림아이원,84.417,202108,18,114000,2,2004,난계로 84,20211123,-,-
서울특별시 성동구 하왕십리동,1061,1061,0,왕십리풍림아이원,114.928,202108,23,137000,12,2004,난계로 84,,-,-
서울특별시 성동구 하왕십리동,1061,1061,0,왕십리풍림아이원,114.928,202108,28,142000,17,2004,난계로 84,,-,-
서울특별시 성동구 하왕십리동,1061,1061,0,왕십리풍림아이원,59.936,202111,18,110000,12,2004,난계로 84,,중개거래,"서울 강남구, 서울 성동구"
서울특별시 성동구 하왕십리동,1061,1061,0,왕십리풍림아이원,84.417,202111,23,114000,2,2004,난계로 84,,중개거래,서울 성동구
서울특별시 성동구 하왕십리동,1061,1061,0,왕십리풍림아이원,59.936,202202,26,95000,2,2004,난계로 84,,중개거래,서울 성동구
서울특별시 성동구 하왕십리동,258,258,0,청계벽산,114.46,202106,21,134500,10,1996,무학로 50,,-,-
서울특별시 성동구 하왕십리동,258,258,0,청계벽산,71.33,202106,28,105500,12,1996,무학로 50,,-,-
서울특별시 성동구 하왕십리동,258,258,0,청계벽산,114.46,202107,2,120000,15,1996,무학로 50,,-,-
서울특별시 성동구 하왕십리동,258,258,0,청계벽산,84.94,202107,10,119000,19,1996,무학로 50,,-,-
서울특별시 성동구 하왕십리동,258,258,0,청계벽산,84.94,202107,14,118000,21,1996,무학로 50,,-,-
서울특별시 성동구 하왕십리동,258,258,0,청계벽산,84.94,202107,17,113000,5,1996,무학로 50,,-,-
서울특별시 성동구 하왕십리동,258,258,0,청계벽산,71.33,202107,22,112000,13,1996,무학로 50,,-,-
서울특별시 성동구 하왕십리동,258,258,0,청계벽산,114.46,202107,31,138000,2,1996,무학로 50,,-,-
서울특별시 성동구 하왕십리동,258,258,0,청계벽산,71.33,202108,10,110000,11,1996,무학로 50,,-,-
서울특별시 성동구 하왕십리동,258,258,0,청계벽산,84.94,202108,23,122000,7,1996,무학로 50,,-,-
서울특별시 성동구 하왕십리동,258,258,0,청계벽산,114.46,202108,26,134900,9,1996,무학로 50,,-,-
서울특별시 성동구 하왕십리동,258,258,0,청계벽산,71.33,202109,7,110000,13,1996,무학로 50,,-,-
서울특별시 성동구 하왕십리동,258,258,0,청계벽산,114.46,202109,8,147500,7,1996,무학로 50,,-,-
서울특별시 성동구 하왕십리동,258,258,0,청계벽산,114.46,202110,6,136000,3,1996,무학로 50,,-,-
서울특별시 성동구 하왕십리동,258,258,0,청계벽산,84.94,202110,9,134000,10,1996,무학로 50,,-,-
서울특별시 성동구 하왕십리동,258,258,0,청계벽산,114.46,202111,19,142000,4,1996,무학로 50,,중개거래,서울 성동구
서울특별시 성동구 하왕십리동,258,258,0,청계벽산,84.94,202112,10,123000,9,1996,무학로 50,,중개거래,서울 성동구
서울특별시 성동구 하왕십리동,258,258,0,청계벽산,84.94,202201,7,120000,8,1996,무학로 50,,중개거래,서울 성동구
서울특별시 성동구 하왕십리동,258,258,0,청계벽산,84.94,202202,12,130000,20,1996,무학로 50,,중개거래,"서울 마포구, 서울 성동구"
서울특별시 성동구 하왕십리동,258,258,0,청계벽산,114.46,202203,9,137000,8,1996,무학로 50,,중개거래,서울 성동구
서울특별시 성동구 하왕십리동,258,258,0,청계벽산,114.46,202205,2,139500,5,1996,무학로 50,,중개거래,서울 성동구
서울특별시 성동구 하왕십리동,1066,1066,0,텐즈힐(1단지),129.34,202106,14,198000,16,2015,무학로 33,,-,-
서울특별시 성동구 하왕십리동,1066,1066,0,텐즈힐(1단지),84.88,202106,15,170000,9,2015,무학로 33,,-,-
서울특별시 성동구 하왕십리동,1066,1066,0,텐즈힐(1단지),84.96,202106,19,170000,22,2015,무학로 33,,-,-
서울특별시 성동구 하왕십리동,1066,1066,0,텐즈힐(1단지),129.34,202106,24,193000,5,2015,무학로 33,,-,-
서울특별시 성동구 하왕십리동,1066,1066,0,텐즈힐(1단지),129.34,202107,1,205000,18,2015,무학로 33,,-,-
서울특별시 성동구 하왕십리동,1066,1066,0,텐즈힐(1단지),59.88,202107,10,148500,7,2015,무학로 33,,-,-
서울특별시 성동구 하왕십리동,1066,1066,0,텐즈힐(1단지),84.96,202107,17,170000,18,2015,무학로 33,,-,-
서울특별시 성동구 하왕십리동,1066,1066,0,텐즈힐(1단지),84.96,202107,24,170000,20,2015,무학로 33,,-,-
서울특별시 성동구 하왕십리동,1066,1066,0,텐즈힐(1단지),84.88,202108,2,175000,16,2015,무학로 33,,-,-
서울특별시 성동구 하왕십리동,1066,1066,0,텐즈힐(1단지),84.88,202110,3,175000,11,2015,무학로 33,,-,-
서울특별시 성동구 하왕십리동,1066,1066,0,텐즈힐(1단지),59.88,202111,6,147500,4,2015,무학로 33,,중개거래,"서울 광진구, 서울 성동구"
서울특별시 성동구 하왕십리동,1066,1066,0,텐즈힐(1단지),84.88,202111,27,163500,1,2015,무학로 33,,중개거래,서울 성동구
서울특별시 성동구 하왕십리동,1066,1066,0,텐즈힐(1단지),59.88,202112,12,140000,8,2015,무학로 33,,중개거래,서울 성동구
서울특별시 성동구 하왕십리동,1066,1066,0,텐즈힐(1단지),129.34,202201,3,230000,24,2015,무학로 33,,중개거래,서울 성동구
서울특별시 성동구 하왕십리동,990,990,0,한신무학,62.41,202106,16,89900,4,1989,왕십리로31나길 22,,-,-
서울특별시 성동구 하왕십리동,990,990,0,한신무학,62.41,202106,26,91000,8,1989,왕십리로31나길 22,,-,-
서울특별시 성동구 하왕십리동,990,990,0,한신무학,62.41,202106,27,92000,7,1989,왕십리로31나길 22,,-,-
서울특별시 성동구 하왕십리동,990,990,0,한신무학,62.41,202107,1,86900,7,1989,왕십리로31나길 22,,-,-
서울특별시 성동구 하왕십리동,990,990,0,한신무학,114.59,202107,2,122800,3,1989,왕십리로31나길 22,20210924,-,-
서울특별시 성동구 하왕십리동,990,990,0,한신무학,114.59,202107,2,122800,3,1989,왕십리로31나길 22,,-,-
서울특별시 성동구 하왕십리동,990,990,0,한신무학,114.59,202107,8,134000,9,1989,왕십리로31나길 22,,-,-
서울특별시 성동구 하왕십리동,990,990,0,한신무학,94.46,202107,24,123900,5,1989,왕십리로31나길 22,,-,-
서울특별시 성동구 하왕십리동,990,990,0,한신무학,70.12,202108,12,99000,1,1989,왕십리로31나길 22,,-,-
서울특별시 성동구 하왕십리동,1050,1050,0,한진해모로,112.26,202203,22,125000,2,2001,왕십리로31길 20,,중개거래,서울 성동구
서울특별시 성동구 행당동,347,347,0,대림e-편한세상,114.94,202106,16,155000,15,2000,행당로 79,,-,-
서울특별시 성동구 행당동,347,347,0,대림e-편한세상,59.96,202106,18,109000,10,2000,행당로 79,,-,-
서울특별시 성동구 행당동,347,347,0,대림e-편한세상,114.94,202106,22,147500,2,2000,행당로 79,,-,-
서울특별시 성동구 행당동,347,347,0,대림e-편한세상,84.87,202106,22,129000,8,2000,행당로 79,,-,-
서울특별시 성동구 행당동,347,347,0,대림e-편한세상,84.87,202106,22,125000,15,2000,행당로 79,,-,-
서울특별시 성동구 행당동,347,347,0,대림e-편한세상,59.96,202106,24,105500,5,2000,행당로 79,,-,-
서울특별시 성동구 행당동,347,347,0,대림e-편한세상,84.87,202107,3,128000,10,2000,행당로 79,,-,-
서울특별시 성동구 행당동,347,347,0,대림e-편한세상,59.96,202107,3,112000,13,2000,행당로 79,,-,-
서울특별시 성동구 행당동,347,347,0,대림e-편한세상,59.96,202107,10,112000,7,2000,행당로 79,,-,-
서울특별시 성동구 행당동,347,347,0,대림e-편한세상,84.87,202107,14,126000,9,2000,행당로 79,,-,-
서울특별시 성동구 행당동,347,347,0,대림e-편한세상,59.96,202107,24,109000,12,2000,행당로 79,,-,-
서울특별시 성동구 행당동,347,347,0,대림e-편한세상,84.87,202107,28,133000,6,2000,행당로 79,,-,-
서울특별시 성동구 행당동,347,347,0,대림e-편한세상,114.94,202107,28,159500,4,2000,행당로 79,,-,-
서울특별시 성동구 행당동,347,347,0,대림e-편한세상,84.87,202107,28,139000,8,2000,행당로 79,,-,-
서울특별시 성동구 행당동,347,347,0,대림e-편한세상,84.87,202107,31,140000,14,2000,행당로 79,,-,-
서울특별시 성동구 행당동,347,347,0,대림e-편한세상,114.94,202108,7,158000,8,2000,행당로 79,,-,-
서울특별시 성동구 행당동,347,347,0,대림e-편한세상,59.96,202108,10,114000,6,2000,행당로 79,,-,-
서울특별시 성동구 행당동,347,347,0,대림e-편한세상,84.87,202108,10,138000,7,2000,행당로 79,,-,-
서울특별시 성동구 행당동,347,347,0,대림e-편한세상,84.87,202108,21,134000,6,2000,행당로 79,,-,-
서울특별시 성동구 행당동,347,347,0,대림e-편한세상,114.94,202108,25,147000,2,2000,행당로 79,,-,-
서울특별시 성동구 행당동,347,347,0,대림e-편한세상,84.87,202108,31,142000,4,2000,행당로 79,,-,-
서울특별시 성동구 행당동,347,347,0,대림e-편한세상,84.87,202109,7,132000,14,2000,행당로 79,,-,-
서울특별시 성동구 행당동,347,347,0,대림e-편한세상,84.87,202109,15,142200,14,2000,행당로 79,,-,-
서울특별시 성동구 행당동,347,347,0,대림e-편한세상,59.96,202109,25,117500,3,2000,행당로 79,,-,-
서울특별시 성동구 행당동,347,347,0,대림e-편한세상,59.96,202109,25,112500,6,2000,행당로 79,,-,-
서울특별시 성동구 행당동,347,347,0,대림e-편한세상,84.87,202111,1,129500,1,2000,행당로 79,,중개거래,서울 성동구
서울특별시 성동구 행당동,347,347,0,대림e-편한세상,84.87,202111,18,137000,7,2000,행당로 79,,중개거래,"서울 강남구, 서울 성동구"
서울특별시 성동구 행당동,347,347,0,대림e-편한세상,84.87,202111,23,140000,3,2000,행당로 79,,중개거래,서울 성동구
서울특별시 성동구 행당동,347,347,0,대림e-편한세상,114.94,202112,24,173000,13,2000,행당로 79,20220406,중개거래,서울 성동구
서울특별시 성동구 행당동,347,347,0,대림e-편한세상,114.94,202112,24,173000,13,2000,행당로 79,,중개거래,서울 성동구
서울특별시 성동구 행당동,347,347,0,대림e-편한세상,59.96,202203,20,118800,9,2000,행당로 79,,중개거래,서울 성동구
서울특별시 성동구 행당동,347,347,0,대림e-편한세상,84.87,202204,14,126000,4,2000,행당로 79,,중개거래,서울 성동구
서울특별시 성동구 행당동,347,347,0,대림e-편한세상,84.87,202205,11,130500,6,2000,행당로 79,,중개거래,서울 성동구
서울특별시 성동구 행당동,347,347,0,대림e-편한세상,114.94,202205,13,146000,1,2000,행당로 79,,중개거래,서울 성동구
서울특별시 성동구 행당동,345,345,0,두산,59.94,202106,23,95000,18,1997,고산자로14길 40,,-,-
서울특별시 성동구 행당동,345,345,0,두산,59.94,202108,14,92500,6,1997,고산자로14길 40,,-,-
서울특별시 성동구 행당동,345,345,0,두산,59.94,202112,3,101000,21,1997,고산자로14길 40,,중개거래,서울 성동구
서울특별시 성동구 행당동,345,345,0,두산,59.94,202205,10,105500,12,1997,고산자로14길 40,,중개거래,"경기 성남분당구, 서울 성동구"
서울특별시 성동구 행당동,375,375,0,두산위브,84.99,202106,23,149500,15,2009,행당로8길 8,,-,-
서울특별시 성동구 행당동,375,375,0,두산위브,59.99,202107,7,132800,11,2009,행당로8길 8,,-,-
서울특별시 성동구 행당동,375,375,0,두산위브,84.99,202108,18,156500,13,2009,행당로8길 8,,-,-
서울특별시 성동구 행당동,375,375,0,두산위브,59.99,202110,22,130000,9,2009,행당로8길 8,,-,-
서울특별시 성동구 행당동,375,375,0,두산위브,84.99,202202,14,129900,2,2009,행당로8길 8,,중개거래,서울 성동구
서울특별시 성동구 행당동,349,349,0,서울숲 한신 더 휴,84.95,202106,5,139200,16,2003,고산자로 164,,-,-
서울특별시 성동구 행당동,349,349,0,서울숲 한신 더 휴,59.91,202106,5,117000,7,2003,고산자로 164,,-,-
서울특별시 성동구 행당동,349,349,0,서울숲 한신 더 휴,84.95,202106,19,138000,16,2003,고산자로 164,,-,-
서울특별시 성동구 행당동,349,349,0,서울숲 한신 더 휴,84.95,202106,19,136000,21,2003,고산자로 164,,-,-
서울특별시 성동구 행당동,349,349,0,서울숲 한신 더 휴,114.97,202106,23,154500,4,2003,고산자로 164,,-,-
서울특별시 성동구 행당동,349,349,0,서울숲 한신 더 휴,59.94,202106,26,117700,23,2003,고산자로 164,,-,-
서울특별시 성동구 행당동,349,349,0,서울숲 한신 더 휴,59.91,202106,29,122500,10,2003,고산자로 164,,-,-
서울특별시 성동구 행당동,349,349,0,서울숲 한신 더 휴,59.91,202106,29,118000,14,2003,고산자로 164,,-,-
서울특별시 성동구 행당동,349,349,0,서울숲 한신 더 휴,59.91,202107,10,123000,13,2003,고산자로 164,,-,-
서울특별시 성동구 행당동,349,349,0,서울숲 한신 더 휴,114.97,202107,16,165000,19,2003,고산자로 164,,-,-
서울특별시 성동구 행당동,349,349,0,서울숲 한신 더 휴,84.95,202107,31,139900,2,2003,고산자로 164,,-,-
서울특별시 성동구 행당동,349,349,0,서울숲 한신 더 휴,59.91,202108,9,132000,24,2003,고산자로 164,,-,-
서울특별시 성동구 행당동,349,349,0,서울숲 한신 더 휴,59.94,202108,9,97000,13,2003,고산자로 164,,-,-
서울특별시 성동구 행당동,349,349,0,서울숲 한신 더 휴,114.97,202108,13,169000,19,2003,고산자로 164,,-,-
서울특별시 성동구 행당동,349,349,0,서울숲 한신 더 휴,59.94,202108,14,125500,6,2003,고산자로 164,,-,-
서울특별시 성동구 행당동,349,349,0,서울숲 한신 더 휴,59.91,202108,21,121000,21,2003,고산자로 164,,-,-
서울특별시 성동구 행당동,349,349,0,서울숲 한신 더 휴,59.94,202108,27,125000,12,2003,고산자로 164,,-,-
서울특별시 성동구 행당동,349,349,0,서울숲 한신 더 휴,84.95,202109,4,146800,5,2003,고산자로 164,,-,-
서울특별시 성동구 행당동,349,349,0,서울숲 한신 더 휴,59.91,202109,4,128000,13,2003,고산자로 164,,-,-
서울특별시 성동구 행당동,349,349,0,서울숲 한신 더 휴,84.95,202109,24,149900,17,2003,고산자로 164,,-,-
서울특별시 성동구 행당동,349,349,0,서울숲 한신 더 휴,59.91,202110,4,124000,7,2003,고산자로 164,,-,-
서울특별시 성동구 행당동,349,349,0,서울숲 한신 더 휴,59.91,202110,8,126500,17,2003,고산자로 164,,-,-
서울특별시 성동구 행당동,349,349,0,서울숲 한신 더 휴,84.95,202110,23,155000,13,2003,고산자로 164,20220404,-,-
서울특별시 성동구 행당동,349,349,0,서울숲 한신 더 휴,84.95,202110,23,155000,13,2003,고산자로 164,20220330,-,-
서울특별시 성동구 행당동,349,349,0,서울숲 한신 더 휴,84.95,202202,26,137500,5,2003,고산자로 164,,중개거래,서울 성동구
서울특별시 성동구 행당동,349,349,0,서울숲 한신 더 휴,84.95,202203,28,155000,13,2003,고산자로 164,,중개거래,서울 성동구
서울특별시 성동구 행당동,349,349,0,서울숲 한신 더 휴,59.91,202204,2,127500,21,2003,고산자로 164,,중개거래,서울 성동구
서울특별시 성동구 행당동,349,349,0,서울숲 한신 더 휴,59.94,202204,7,117000,24,2003,고산자로 164,,중개거래,서울 성동구
서울특별시 성동구 행당동,349,349,0,서울숲 한신 더 휴,114.97,202204,30,153000,8,2003,고산자로 164,,중개거래,서울 성동구
서울특별시 성동구 행당동,349,349,0,서울숲 한신 더 휴,84.95,202205,13,140500,17,2003,고산자로 164,,중개거래,서울 성동구
서울특별시 성동구 행당동,349,349,0,서울숲 한신 더 휴,84.95,202205,14,140000,18,2003,고산자로 164,,중개거래,서울 성동구
서울특별시 성동구 행당동,349,349,0,서울숲 한신 더 휴,59.94,202205,26,113000,6,2003,고산자로 164,,중개거래,서울 성동구
서울특별시 성동구 행당동,349,349,0,서울숲 한신 더 휴,59.91,202205,28,120500,8,2003,고산자로 164,,중개거래,서울 성동구
서울특별시 성동구 행당동,377,377,0,서울숲더샵,101.45,202106,19,197000,23,2014,왕십리로 241,,-,-
서울특별시 성동구 행당동,377,377,0,서울숲더샵,84.06,202106,25,165000,25,2014,왕십리로 241,,-,-
서울특별시 성동구 행당동,377,377,0,서울숲더샵,101.45,202108,21,223000,39,2014,왕십리로 241,,-,-
서울특별시 성동구 행당동,377,377,0,서울숲더샵,150.2,202112,6,257500,35,2014,왕십리로 241,,중개거래,서울 성동구
서울특별시 성동구 행당동,377,377,0,서울숲더샵,92.08,202205,23,170000,7,2014,왕십리로 241,,중개거래,"서울 구로구, 서울 성동구"
서울특별시 성동구 행당동,380,380,0,서울숲리버뷰자이,84.96,202107,3,190000,38,2018,고산자로2길 65,,-,-
서울특별시 성동구 행당동,380,380,0,서울숲리버뷰자이,108.82,202107,17,240000,22,2018,고산자로2길 65,,-,-
서울특별시 성동구 행당동,380,380,0,서울숲리버뷰자이,84.96,202107,30,210000,32,2018,고산자로2길 65,,-,-
서울특별시 성동구 행당동,380,380,0,서울숲리버뷰자이,84.96,202108,7,191000,30,2018,고산자로2길 65,,-,-
서울특별시 성동구 행당동,380,380,0,서울숲리버뷰자이,59.97,202108,18,162000,10,2018,고산자로2길 65,,-,-
서울특별시 성동구 행당동,380,380,0,서울숲리버뷰자이,84.96,202108,19,188000,24,2018,고산자로2길 65,,-,-
서울특별시 성동구 행당동,380,380,0,서울숲리버뷰자이,84.96,202108,25,195000,8,2018,고산자로2길 65,,-,-
서울특별시 성동구 행당동,380,380,0,서울숲리버뷰자이,84.9,202109,16,200000,8,2018,고산자로2길 65,,-,-
서울특별시 성동구 행당동,380,380,0,서울숲리버뷰자이,84.9,202109,26,200000,12,2018,고산자로2길 65,,-,-
서울특별시 성동구 행당동,380,380,0,서울숲리버뷰자이,59.97,202201,26,163000,11,2018,고산자로2길 65,,중개거래,서울 성동구
서울특별시 성동구 행당동,380,380,0,서울숲리버뷰자이,84.96,202201,26,199000,18,2018,고산자로2길 65,,중개거래,서울 성동구
서울특별시 성동구 행당동,380,380,0,서울숲리버뷰자이,59.97,202204,26,102000,30,2018,고산자로2길 65,,직거래,-
서울특별시 성동구 행당동,380,380,0,서울숲리버뷰자이,59.97,202205,26,112000,30,2018,고산자로2길 65,,직거래,-
서울특별시 성동구 행당동,147,147,0,서울숲삼부아파트,84.09,202108,27,153000,4,1998,왕십리로 280,,-,-
서울특별시 성동구 행당동,147,147,0,서울숲삼부아파트,84.93,202109,13,159000,8,1998,왕십리로 280,,-,-
서울특별시 성동구 행당동,147,147,0,서울숲삼부아파트,84.09,202110,14,145000,1,1998,왕십리로 280,,-,-
서울특별시 성동구 행당동,376,376,0,서울숲행당푸르지오,59.68,202106,5,118000,14,2011,고산자로 177,,-,-
서울특별시 성동구 행당동,376,376,0,서울숲행당푸르지오,84.74,202106,16,133000,8,2011,고산자로 177,,-,-
서울특별시 성동구 행당동,376,376,0,서울숲행당푸르지오,84.74,202106,19,135000,12,2011,고산자로 177,,-,-
서울특별시 성동구 행당동,376,376,0,서울숲행당푸르지오,59.68,202107,8,120000,4,2011,고산자로 177,,-,-
서울특별시 성동구 행당동,376,376,0,서울숲행당푸르지오,59.68,202107,25,119000,6,2011,고산자로 177,,-,-
서울특별시 성동구 행당동,376,376,0,서울숲행당푸르지오,59.68,202107,26,119000,14,2011,고산자로 177,,-,-
서울특별시 성동구 행당동,376,376,0,서울숲행당푸르지오,84.81,202107,27,144500,11,2011,고산자로 177,,-,-
서울특별시 성동구 행당동,376,376,0,서울숲행당푸르지오,114.33,202107,31,169900,7,2011,고산자로 177,,-,-
서울특별시 성동구 행당동,376,376,0,서울숲행당푸르지오,84.74,202108,6,139000,3,2011,고산자로 177,,-,-
서울특별시 성동구 행당동,376,376,0,서울숲행당푸르지오,84.74,202108,9,143000,11,2011,고산자로 177,,-,-
서울특별시 성동구 행당동,376,376,0,서울숲행당푸르지오,84.74,202108,13,141000,8,2011,고산자로 177,,-,-
서울특별시 성동구 행당동,376,376,0,서울숲행당푸르지오,84.74,202108,16,140000,9,2011,고산자로 177,,-,-
서울특별시 성동구 행당동,376,376,0,서울숲행당푸르지오,84.81,202108,30,145000,2,2011,고산자로 177,,-,-
서울특별시 성동구 행당동,376,376,0,서울숲행당푸르지오,114.33,202108,31,164000,9,2011,고산자로 177,,-,-
서울특별시 성동구 행당동,376,376,0,서울숲행당푸르지오,59.68,202109,13,130000,7,2011,고산자로 177,,-,-
서울특별시 성동구 행당동,376,376,0,서울숲행당푸르지오,84.74,202109,14,134800,1,2011,고산자로 177,,-,-
서울특별시 성동구 행당동,376,376,0,서울숲행당푸르지오,59.68,202203,12,119500,11,2011,고산자로 177,,중개거래,서울 성동구
서울특별시 성동구 행당동,376,376,0,서울숲행당푸르지오,59.81,202204,9,131000,6,2011,고산자로 177,,중개거래,서울 성동구
서울특별시 성동구 행당동,376,376,0,서울숲행당푸르지오,84.81,202205,30,153000,10,2011,고산자로 177,,중개거래,서울 성동구
서울특별시 성동구 행당동,344,344,0,신동아,59.97,202106,8,91000,6,1995,독서당로 441,,-,-
서울특별시 성동구 행당동,344,344,0,신동아,59.97,202106,12,90000,9,1995,독서당로 441,,-,-
서울특별시 성동구 행당동,344,344,0,신동아,84.96,202106,15,110000,6,1995,독서당로 441,,-,-
서울특별시 성동구 행당동,344,344,0,신동아,84.96,202106,25,114000,15,1995,독서당로 441,,-,-
서울특별시 성동구 행당동,344,344,0,신동아,59.97,202106,29,89500,4,1995,독서당로 441,,-,-
서울특별시 성동구 행당동,344,344,0,신동아,59.97,202107,1,89900,15,1995,독서당로 441,,-,-
서울특별시 성동구 행당동,344,344,0,신동아,59.97,202107,1,89900,15,1995,독서당로 441,20210729,-,-
서울특별시 성동구 행당동,344,344,0,신동아,59.97,202107,14,89000,3,1995,독서당로 441,,-,-
서울특별시 성동구 행당동,344,344,0,신동아,59.97,202107,17,95000,7,1995,독서당로 441,,-,-
서울특별시 성동구 행당동,344,344,0,신동아,59.97,202107,24,89000,2,1995,독서당로 441,,-,-
서울특별시 성동구 행당동,344,344,0,신동아,59.97,202107,25,90000,1,1995,독서당로 441,,-,-
서울특별시 성동구 행당동,344,344,0,신동아,59.97,202107,31,100000,7,1995,독서당로 441,,-,-
서울특별시 성동구 행당동,344,344,0,신동아,84.96,202108,2,103000,1,1995,독서당로 441,,-,-
서울특별시 성동구 행당동,344,344,0,신동아,84.96,202108,13,108500,2,1995,독서당로 441,,-,-
서울특별시 성동구 행당동,344,344,0,신동아,59.97,202108,28,101700,6,1995,독서당로 441,,-,-
서울특별시 성동구 행당동,344,344,0,신동아,59.97,202109,1,99000,2,1995,독서당로 441,,-,-
서울특별시 성동구 행당동,344,344,0,신동아,59.97,202109,4,102800,14,1995,독서당로 441,,-,-
서울특별시 성동구 행당동,344,344,0,신동아,59.97,202204,5,95000,4,1995,독서당로 441,,중개거래,서울 성동구
서울특별시 성동구 행당동,344,344,0,신동아,114.96,202205,19,119000,12,1995,독서당로 441,,중개거래,인천 부평구
서울특별시 성동구 행당동,344,344,0,신동아,59.97,202205,30,90000,4,1995,독서당로 441,,중개거래,서울 성동구
서울특별시 성동구 행당동,364,364,0,이수브라운스톤,84.94,202107,3,129500,7,2005,행당로 99,,-,-
서울특별시 성동구 행당동,364,364,0,이수브라운스톤,59.27,202108,12,102000,1,2005,행당로 99,,-,-
서울특별시 성동구 행당동,364,364,0,이수브라운스톤,84.94,202109,1,135000,4,2005,행당로 99,,-,-
서울특별시 성동구 행당동,364,364,0,이수브라운스톤,84.94,202109,25,144000,9,2005,행당로 99,,-,-
서울특별시 성동구 행당동,364,364,0,이수브라운스톤,59.27,202201,25,116000,4,2005,행당로 99,,중개거래,서울 광진구
서울특별시 성동구 행당동,1-115,1,115,한성,83.64,202112,18,73000,5,2003,마조로1길 55,,중개거래,서울 성동구
서울특별시 성동구 행당동,346,346,0,행당한진타운,59.96,202106,5,105000,24,2000,행당로 82,,-,-
서울특별시 성동구 행당동,346,346,0,행당한진타운,84.71,202106,10,128000,5,2000,행당로 82,,-,-
서울특별시 성동구 행당동,346,346,0,행당한진타운,59.96,202106,12,110000,18,2000,행당로 82,,-,-
서울특별시 성동구 행당동,346,346,0,행당한진타운,59.96,202106,12,110000,7,2000,행당로 82,,-,-
서울특별시 성동구 행당동,346,346,0,행당한진타운,84.71,202106,12,129500,3,2000,행당로 82,,-,-
서울특별시 성동구 행당동,346,346,0,행당한진타운,59.96,202106,19,106500,6,2000,행당로 82,,-,-
서울특별시 성동구 행당동,346,346,0,행당한진타운,114.62,202106,19,150300,8,2000,행당로 82,,-,-
서울특별시 성동구 행당동,346,346,0,행당한진타운,84.71,202106,19,132800,6,2000,행당로 82,,-,-
서울특별시 성동구 행당동,346,346,0,행당한진타운,59.96,202106,21,112000,20,2000,행당로 82,,-,-
서울특별시 성동구 행당동,346,346,0,행당한진타운,84.71,202106,23,137000,10,2000,행당로 82,,-,-
서울특별시 성동구 행당동,346,346,0,행당한진타운,114.62,202106,26,154000,16,2000,행당로 82,,-,-
서울특별시 성동구 행당동,346,346,0,행당한진타운,59.96,202106,26,105000,5,2000,행당로 82,,-,-
서울특별시 성동구 행당동,346,346,0,행당한진타운,59.96,202107,6,111900,19,2000,행당로 82,,-,-
서울특별시 성동구 행당동,346,346,0,행당한진타운,114.62,202107,8,157000,17,2000,행당로 82,,-,-
서울특별시 성동구 행당동,346,346,0,행당한진타운,59.96,202107,10,109000,18,2000,행당로 82,,-,-
서울특별시 성동구 행당동,346,346,0,행당한진타운,59.96,202107,10,116000,18,2000,행당로 82,,-,-
서울특별시 성동구 행당동,346,346,0,행당한진타운,114.62,202107,12,156200,16,2000,행당로 82,,-,-
서울특별시 성동구 행당동,346,346,0,행당한진타운,59.96,202107,17,109500,13,2000,행당로 82,,-,-
서울특별시 성동구 행당동,346,346,0,행당한진타운,59.96,202107,26,115000,15,2000,행당로 82,,-,-
서울특별시 성동구 행당동,346,346,0,행당한진타운,84.71,202107,26,141000,13,2000,행당로 82,20211009,-,-
서울특별시 성동구 행당동,346,346,0,행당한진타운,114.62,202107,27,159500,9,2000,행당로 82,,-,-
서울특별시 성동구 행당동,346,346,0,행당한진타운,114.62,202107,28,155500,8,2000,행당로 82,,-,-
서울특별시 성동구 행당동,346,346,0,행당한진타운,84.71,202108,2,138000,3,2000,행당로 82,,-,-
서울특별시 성동구 행당동,346,346,0,행당한진타운,59.96,202108,4,116900,16,2000,행당로 82,,-,-
서울특별시 성동구 행당동,346,346,0,행당한진타운,59.96,202108,7,118500,13,2000,행당로 82,,-,-
서울특별시 성동구 행당동,346,346,0,행당한진타운,59.96,202108,7,114000,11,2000,행당로 82,,-,-
서울특별시 성동구 행당동,346,346,0,행당한진타운,59.96,202108,13,112500,16,2000,행당로 82,,-,-
서울특별시 성동구 행당동,346,346,0,행당한진타운,84.71,202108,14,139500,15,2000,행당로 82,,-,-
서울특별시 성동구 행당동,346,346,0,행당한진타운,114.62,202108,17,156000,19,2000,행당로 82,,-,-
서울특별시 성동구 행당동,346,346,0,행당한진타운,84.71,202108,18,144000,12,2000,행당로 82,,-,-
서울특별시 성동구 행당동,346,346,0,행당한진타운,84.71,202108,21,143000,5,2000,행당로 82,,-,-
서울특별시 성동구 행당동,346,346,0,행당한진타운,59.96,202108,25,120500,25,2000,행당로 82,,-,-
서울특별시 성동구 행당동,346,346,0,행당한진타운,59.96,202109,3,115000,3,2000,행당로 82,,-,-
서울특별시 성동구 행당동,346,346,0,행당한진타운,59.96,202109,4,115000,8,2000,행당로 82,,-,-
서울특별시 성동구 행당동,346,346,0,행당한진타운,59.96,202109,12,120000,14,2000,행당로 82,,-,-
서울특별시 성동구 행당동,346,346,0,행당한진타운,84.71,202109,16,147000,21,2000,행당로 82,,-,-
서울특별시 성동구 행당동,346,346,0,행당한진타운,84.71,202109,30,146000,20,2000,행당로 82,,-,-
서울특별시 성동구 행당동,346,346,0,행당한진타운,114.62,202110,5,159500,3,2000,행당로 82,,-,-
서울특별시 성동구 행당동,346,346,0,행당한진타운,84.71,202110,8,143000,13,2000,행당로 82,,-,-
서울특별시 성동구 행당동,346,346,0,행당한진타운,59.96,202110,23,115000,22,2000,행당로 82,,-,-
서울특별시 성동구 행당동,346,346,0,행당한진타운,114.62,202110,30,160000,9,2000,행당로 82,,-,-
서울특별시 성동구 행당동,346,346,0,행당한진타운,114.62,202111,15,163000,15,2000,행당로 82,,중개거래,서울 성동구
서울특별시 성동구 행당동,346,346,0,행당한진타운,59.96,202111,18,109000,11,2000,행당로 82,,중개거래,서울 성동구
서울특별시 성동구 행당동,346,346,0,행당한진타운,114.62,202111,21,145000,7,2000,행당로 82,,직거래,-
서울특별시 성동구 행당동,346,346,0,행당한진타운,114.62,202111,24,160000,6,2000,행당로 82,,중개거래,서울 성동구
서울특별시 성동구 행당동,346,346,0,행당한진타운,59.96,202112,4,115500,20,2000,행당로 82,,중개거래,서울 성동구
서울특별시 성동구 행당동,346,346,0,행당한진타운,59.96,202201,15,118000,9,2000,행당로 82,,중개거래,서울 성동구
서울특별시 성동구 행당동,346,346,0,행당한진타운,59.96,202201,17,92000,3,2000,행당로 82,,직거래,-
서울특별시 성동구 행당동,346,346,0,행당한진타운,59.96,202201,22,117000,21,2000,행당로 82,,중개거래,서울 성동구
서울특별시 성동구 행당동,346,346,0,행당한진타운,59.96,202203,26,117000,19,2000,행당로 82,,중개거래,서울 성동구
서울특별시 성동구 행당동,346,346,0,행당한진타운,84.71,202204,2,147000,21,2000,행당로 82,,중개거래,서울 성동구
서울특별시 성동구 행당동,346,346,0,행당한진타운,59.96,202204,13,106000,1,2000,행당로 82,,중개거래,서울 성동구
서울특별시 성동구 행당동,346,346,0,행당한진타운,114.62,202205,24,153000,21,2000,행당로 82,,중개거래,서울 성동구
서울특별시 성동구 행당동,346,346,0,행당한진타운,84.71,202205,28,140000,18,2000,행당로 82,,중개거래,서울 성동구
서울특별시 성동구 행당동,346,346,0,행당한진타운,59.96,202205,28,120000,15,2000,행당로 82,,중개거래,서울 성동구
서울특별시 성동구 홍익동,53,53,0,청계대주파크빌,84.94,202111,29,104000,9,2005,무학로12길 11,,중개거래,서울 성동구
서울특별시 성동구 홍익동,119-1,119,1,홍익한신,69.26,202110,5,65000,3,1975,마장로 219,,-,-
